# timestamp, temp_f, humidity_pct, pressure_hpa, lux, soil_temp_f, soil_moisture_raw, rain, voltage, current_ma
2026-09-01 00:00:04, 80.1, 63.0, 989.7, 4.1, 78.0, 56, 0, 13.04, 76.1
2026-09-01 00:30:04, 80.5, 62.7, 990.2, 4.1, 77.9, 55, 0, 13.04, 72.6
2026-09-01 01:00:04, 79.6, 64.5, 990.5, 4.1, 77.8, 54, 0, 13.032, 74.4
2026-09-01 01:30:03, 78.4, 65.9, 990.5, 4.1, 77.5, 54, 0, 13.024, 68.6
2026-09-01 02:00:04, 77.9, 68.1, 990.5, 4.1, 77.3, 55, 0, 13.02, 70.3
2026-09-01 02:30:04, 77.4, 68.0, 990.3, 4.1, 77.2, 55, 0, 13.016, 72.1
2026-09-01 03:00:03, 76.6, 71.7, 990.4, 4.1, 77.0, 24, 0, 13.008, 72.3
2026-09-01 03:30:04, 76.3, 70.0, 990.5, 4.1, 76.9, 62, 0, 12.992, 86.2
2026-09-01 04:00:04, 75.8, 69.4, 990.4, 4.1, 76.7, 62, 0, 12.992, 71.7
2026-09-01 04:30:04, 75.3, 70.3, 990.5, 4.1, 76.4, 60, 0, 12.98, 68.6
2026-09-01 05:00:04, 75.3, 69.8, 990.5, 4.1, 76.2, 61, 0, 12.972, 72.7
2026-09-01 05:30:04, 76.0, 69.1, 990.6, 4.1, 76.1, 64, 0, 12.96, 67.7
2026-09-01 06:00:04, 76.5, 70.3, 990.7, -1.1, 76.0, 67, 0, 12.944, 80.7
2026-09-01 06:30:04, 76.3, 70.5, 990.9, -1.1, 75.9, 68, 0, 12.936, 76.2
2026-09-01 07:00:03, 76.2, 69.7, 991.1, 39.5, 75.8, 68, 0, 12.924, 67.1
2026-09-01 07:30:04, 76.3, 68.8, 991.3, 247.4, 75.8, 67, 0, 12.956, 43.8
2026-09-01 08:00:04, 77.5, 69.1, 991.7, 781.1, 75.7, 31, 0, 13.064, -23.7
2026-09-01 08:30:03, 79.0, 67.9, 992.0, 919.5, 75.8, 69, 0, 13.38, -74.3
2026-09-01 09:00:04, 81.3, 65.7, 991.8, 1183.4, 75.8, 68, 0, 13.612, -173.3
2026-09-01 09:30:04, 86.6, 57.3, 991.5, 1456.2, 75.9, 69, 0, 13.692, -241.6
2026-09-01 10:00:04, 89.0, 55.6, 991.7, 1620.1, 76.2, 67, 0, 13.84, -370.1
2026-09-01 10:30:04, 90.4, 54.2, 991.7, 1915.0, 76.5, 60, 0, 14.58, -705.7
2026-09-01 11:00:03, 95.4, 50.7, 991.7, 3274.8, 77.3, 54, 0, 14.336, 71.7
2026-09-01 11:30:04, 92.8, 53.2, 992.0, 1714.9, 78.5, 64, 0, 14.416, -83.4
2026-09-01 12:00:04, 88.8, 60.4, 992.3, 1593.6, 78.7, 31, 0, 14.56, -221.2
2026-09-01 12:30:04, 95.4, 51.7, 992.1, 3120.9, 79.5, 68, 0, 13.812, 87.9
2026-09-01 13:00:04, 100.2, 49.8, 991.8, 1320.9, 81.5, 66, 0, 13.82, 72.5
2026-09-01 13:30:04, 101.3, 51.1, 991.6, 3240.7, 84.9, 12, 0, 13.816, 72.8
2026-09-01 14:00:04, 101.2, 49.3, 991.2, 2708.1, 87.0, 64, 0, 13.816, 73.2
2026-09-01 14:30:04, 104.9, 45.9, 991.0, 3762.1, 88.2, 16, 0, 13.82, -1716.5
2026-09-01 15:00:04, 103.8, 46.7, 990.6, 3271.5, 88.4, 57, 0, 13.8, 69.7
2026-09-01 15:30:04, 101.7, 43.1, 990.1, 2979.5, 87.7, 70, 0, 13.832, 72.5
2026-09-01 16:00:03, 103.5, 44.0, 989.7, 2122.7, 87.5, 64, 0, 13.808, 66.6
2026-09-01 16:30:04, 102.1, 40.5, 989.7, 2493.7, 87.3, 84, 0, 13.832, 72.8
2026-09-01 17:00:04, 99.5, 43.1, 989.8, 2693.3, 87.1, 61, 0, 13.752, 73.8
2026-09-01 17:30:04, 98.9, 46.9, 990.1, 1906.7, 86.9, 77, 0, 13.82, 80.2
2026-09-01 18:00:04, 98.3, 47.1, 990.1, 2688.6, 86.3, 85, 0, 13.836, 72.5
2026-09-01 18:30:04, 99.3, 46.9, 990.0, 2026.1, 86.1, 90, 0, 13.796, 85.7
2026-09-01 19:00:04, 96.2, 48.7, 989.9, 3024.9, 85.7, 88, 0, 13.8, 71.2
2026-09-01 19:30:04, 92.7, 52.3, 989.7, 459.7, 85.2, 84, 0, 13.56, 7.2
2026-09-01 20:00:04, 89.4, 55.5, 989.5, 247.1, 84.7, 93, 0, 13.148, 70.5
2026-09-01 20:30:04, 87.0, 57.7, 989.2, -1.1, 84.0, 95, 0, 13.04, 90.4
2026-09-01 21:00:04, 85.8, 58.9, 989.2, 4.1, 83.4, 88, 0, 13.052, 70.8
2026-09-01 21:30:04, 85.0, 57.8, 989.4, -1.1, 82.8, 92, 0, 13.056, 70.6
2026-09-01 22:00:04, 84.4, 59.7, 989.5, 4.1, 82.4, 90, 0, 13.056, 72.4
2026-09-01 22:30:03, 83.6, 59.3, 989.5, 4.1, 81.8, 94, 0, 13.048, 89.5
2026-09-01 23:00:04, 82.4, 63.1, 989.6, 4.1, 81.5, 101, 0, 13.044, 77.3
2026-09-01 23:30:04, 81.3, 63.5, 989.6, 4.1, 81.0, 94, 0, 13.04, 67.4
2026-09-02 00:00:04, 80.2, 63.3, 989.8, 4.1, 80.7, 101, 0, 13.028, 86.0
2026-09-02 00:30:04, 79.6, 63.7, 989.8, 4.1, 80.4, 102, 0, 13.032, 73.7
2026-09-02 01:00:03, 78.7, 64.3, 989.9, 4.1, 80.0, 107, 0, 13.016, 84.0
2026-09-02 01:30:03, 77.9, 65.8, 990.0, 4.1, 79.7, 108, 0, 13.016, 81.0
2026-09-02 02:00:04, 77.6, 65.3, 990.1, 4.1, 79.4, 101, 0, 13.008, 68.1
2026-09-02 02:30:04, 77.3, 66.0, 990.1, 4.1, 79.0, 112, 0, 12.996, 68.9
2026-09-02 03:00:04, 76.7, 66.9, 990.2, -1.1, 78.8, 7372, 0, 12.988, 70.4
2026-09-02 03:30:04, 76.2, 68.2, 990.4, 4.1, 78.6, 7137, 0, 12.98, 72.7
2026-09-02 04:00:04, 75.4, 68.5, 990.5, 4.1, 78.2, 7199, 0, 12.972, 79.4
2026-09-02 04:30:04, 74.9, 69.2, 990.5, 4.1, 78.0, 7292, 0, 12.964, 73.5
2026-09-02 05:00:03, 74.6, 69.8, 990.7, 4.1, 77.7, 7401, 0, 12.944, 81.8
2026-09-02 05:30:03, 74.4, 69.6, 990.7, 4.1, 77.5, 121, 0, 12.932, 75.5
2026-09-02 06:00:04, 74.2, 70.0, 990.7, 4.1, 77.3, 7456, 0, 12.924, 73.9
2026-09-02 06:30:04, 73.7, 70.8, 990.8, -1.1, 77.0, 7460, 0, 12.908, 76.7
2026-09-02 07:00:04, 73.9, 69.7, 990.8, 45.4, 76.8, 7465, 0, 12.896, 71.4
2026-09-02 07:30:04, 75.4, 69.0, 990.9, 301.6, 76.7, 7361, 0, 12.944, 34.2
2026-09-02 08:00:04, 77.5, 66.9, 991.2, 559.8, 76.5, 7286, 0, 13.012, 21.0
2026-09-02 08:30:03, 80.3, 63.7, 991.1, 835.9, 76.5, 7491, 0, 13.18, -60.5
2026-09-02 09:00:03, 84.3, 60.2, 991.3, 1219.3, 76.7, 7408, 0, 13.504, -94.6
2026-09-02 09:30:04, 87.3, 57.7, 991.6, 1896.2, 76.9, 6805, 0, 13.668, -227.2
2026-09-02 10:00:04, 91.5, 53.0, 991.6, 1615.8, 77.1, 7345, 0, 13.772, -306.9
2026-09-02 10:30:03, 92.9, 52.3, 991.6, 1629.7, 77.6, 7379, 0, 14.56, -693.6
2026-09-02 11:00:04, 93.9, 52.3, 991.7, 1774.6, 78.3, 7036, 0, 14.36, -757.9
2026-09-02 11:30:03, 96.7, 48.6, 991.6, 1745.6, 80.9, 7685, 0, 14.36, 82.1
2026-09-02 12:00:04, 99.0, 48.0, 991.3, 2004.3, 84.7, 7476, 0, 14.372, 70.8
2026-09-02 12:20:03, 101.2, 47.0, 991.3, 1988.9, 86.7, 7260, 0, 13.872, 67.4
2026-09-02 12:30:04, 101.3, 50.3, 991.2, 1987.1, 87.5, 7071, 0, 13.796, 98.4
2026-09-02 12:40:03, 102.0, 45.3, 991.0, 2023.8, 88.4, 7439, 0, 13.808, 67.2
2026-09-02 12:50:02, 102.5, 43.1, 991.0, 2011.0, 89.0, 7554, 0, 13.804, 88.8
2026-09-02 13:00:03, 102.6, 44.1, 990.9, 2015.0, 89.8, 7534, 0, 13.804, 89.8
2026-09-02 13:10:03, 103.9, 45.2, 990.9, 1980.4, 90.4, 7527, 0, 13.812, 69.1
2026-09-02 13:20:03, 104.5, 46.6, 990.8, 833.7, 91.0, 7560, 0, 14.172, -1339.4
2026-09-02 13:30:04, 104.8, 41.2, 990.7, 2123.1, 91.5, 7619, 0, 13.796, 102.6
2026-09-02 13:40:03, 104.4, 41.6, 990.7, 2029.2, 92.1, 7325, 0, 13.816, 70.4
2026-09-02 13:50:02, 104.7, 40.0, 990.5, 2093.5, 92.4, 7350, 0, 13.808, 85.1
2026-09-02 14:00:04, 105.1, 37.1, 990.4, 1933.8, 92.8, 7468, 0, 13.796, -1376.5
2026-09-02 14:10:03, 105.9, 41.2, 990.3, 2200.9, 93.1, 7494, 0, 13.816, 73.1
2026-09-02 14:20:02, 105.9, 35.5, 990.2, 2500.2, 93.3, 7475, 0, 13.812, 72.9
2026-09-02 14:30:04, 106.9, 39.1, 990.1, 2563.5, 93.4, 7525, 0, 13.796, 108.5
2026-09-02 14:40:03, 107.1, 38.4, 990.0, 2547.6, 93.3, 7458, 0, 13.808, -1216.1
2026-09-02 14:50:02, 106.6, 36.2, 989.9, 1512.0, 93.2, 85, 0, 13.728, -187.9
2026-09-02 15:00:04, 105.8, 37.2, 989.8, 2603.4, 92.9, 83, 0, 13.796, 102.2
2026-09-02 15:10:02, 107.2, 37.4, 989.8, 2789.1, 92.5, 75, 0, 13.812, 71.3
2026-09-02 15:20:03, 106.7, 39.1, 989.7, 2421.4, 92.3, 5, 0, 13.812, 72.9
2026-09-02 15:30:04, 106.6, 35.2, 989.6, 855.9, 92.1, 82, 0, 14.156, -1300.2
2026-09-02 15:40:03, 104.0, 37.6, 989.5, 1761.1, 91.8, 78, 0, 13.896, 72.2
2026-09-02 15:50:03, 101.9, 40.0, 989.3, 2084.7, 91.6, 5, 0, 13.82, 70.1
2026-09-02 16:00:04, 105.1, 40.9, 989.2, 2402.3, 91.3, 82, 0, 13.792, 113.1
2026-09-02 16:10:02, 104.7, 38.1, 989.1, 1640.2, 91.1, 75, 0, 13.98, -228.5
2026-09-02 16:20:02, 104.5, 39.0, 989.0, 2315.5, 90.8, 70, 0, 13.804, 66.6
2026-09-02 16:30:04, 103.3, 36.2, 988.9, 2367.4, 90.7, 68, 0, 13.808, 80.4
2026-09-02 16:40:02, 102.6, 38.2, 988.8, 1838.6, 90.6, 60, 0, 13.804, 85.1
2026-09-02 16:50:02, 104.0, 36.3, 988.8, 1938.0, 90.5, 5, 0, 13.804, 81.9
2026-09-02 17:00:03, 103.2, 36.9, 988.7, 1857.7, 90.4, 73, 0, 13.8, 87.8
2026-09-02 17:10:03, 103.0, 37.4, 988.6, 1652.1, 90.3, 73, 0, 13.808, 68.3
2026-09-02 17:20:03, 102.9, 38.4, 988.5, 689.4, 90.2, 72, 0, 13.82, 70.3
2026-09-02 17:30:03, 102.0, 37.3, 988.5, 1721.1, 90.0, 74, 0, 13.8, 80.5
2026-09-02 17:40:03, 101.2, 42.4, 988.5, 435.1, 89.9, 64, 0, 13.812, 72.3
2026-09-02 17:50:03, 100.8, 39.6, 988.5, 1585.2, 89.7, 64, 0, 13.816, 72.3
2026-09-02 18:00:04, 100.4, 41.0, 988.5, 1551.5, 89.6, 60, 0, 13.812, 87.3
2026-09-02 18:10:02, 100.5, 43.0, 988.5, 1467.2, 89.4, 64, 0, 13.816, 67.8
2026-09-02 18:20:02, 99.7, 42.4, 988.4, 1384.4, 89.3, 57, 0, 13.82, 83.4
2026-09-02 18:30:03, 99.1, 44.1, 988.3, 1214.5, 89.0, 60, 0, 13.932, -406.6
2026-09-02 18:40:03, 98.4, 42.0, 988.4, 1194.3, 88.8, 63, 0, 13.816, 69.0
2026-09-02 18:50:03, 97.7, 45.3, 988.4, 998.3, 88.6, 61, 0, 13.804, 75.0
2026-09-02 19:00:04, 96.8, 45.3, 988.4, 828.7, 88.4, 66, 0, 13.756, 113.7
2026-09-02 19:10:03, 95.8, 45.7, 988.5, 489.8, 88.1, 65, 0, 13.884, 71.2
2026-09-02 19:20:03, 94.8, 48.0, 988.4, 306.6, 87.9, 69, 0, 13.556, -9.1
2026-09-02 19:30:04, 93.4, 48.6, 988.4, 411.1, 87.6, 72, 0, 13.44, 67.2
2026-09-02 19:40:03, 92.0, 50.2, 988.3, 445.2, 87.3, 70, 0, 13.316, 45.9
2026-09-02 19:50:03, 90.9, 51.4, 988.3, 155.0, 87.1, 72, 0, 13.18, 62.6
2026-09-02 20:00:04, 89.9, 52.2, 988.5, 74.1, 86.8, 67, 0, 13.08, 102.8
2026-09-02 20:10:02, 89.0, 53.3, 988.4, 19.1, 86.6, 59, 0, 13.052, 73.9
2026-09-02 20:20:03, 88.2, 54.2, 988.5, 4.4, 86.3, 70, 0, 13.048, 73.5
2026-09-02 20:30:04, 87.6, 54.8, 988.6, -1.1, 86.1, 73, 0, 13.044, 78.7
2026-09-02 20:40:03, 87.1, 55.0, 988.6, -1.1, 85.9, 74, 0, 13.048, 73.8
2026-09-02 20:50:03, 86.6, 54.9, 988.6, -1.1, 85.7, 75, 0, 13.056, 71.7
2026-09-02 21:00:04, 85.8, 55.7, 988.7, 4.1, 85.4, 82, 0, 13.048, 80.9
2026-09-02 21:10:03, 85.4, 56.5, 988.8, 4.1, 85.2, 75, 0, 13.052, 76.5
2026-09-02 21:20:03, 84.9, 56.4, 988.9, 4.1, 85.0, 77, 0, 13.056, 72.9
2026-09-02 21:30:03, 84.4, 57.3, 989.0, 4.1, 84.8, 79, 0, 13.048, 82.6
2026-09-02 21:40:03, 84.1, 57.1, 989.1, 4.1, 84.5, 72, 0, 13.056, 72.5
2026-09-02 21:50:02, 84.0, 58.0, 989.1, 4.1, 84.3, 74, 0, 13.048, 83.3
2026-09-02 22:00:03, 84.1, 57.3, 989.1, 4.1, 84.2, 74, 0, 13.052, 82.2
2026-09-02 22:10:02, 83.7, 57.7, 989.1, 4.1, 84.0, 75, 0, 13.052, 72.6
2026-09-02 22:20:03, 83.5, 57.9, 989.1, 4.1, 83.9, 75, 0, 13.052, 72.7
2026-09-02 22:30:04, 83.5, 57.4, 989.1, 4.1, 83.6, 77, 0, 13.044, 82.6
2026-09-02 22:40:02, 83.2, 58.0, 989.2, 4.1, 83.5, 77, 0, 13.048, 71.8
2026-09-02 22:50:03, 83.1, 58.2, 989.1, 4.1, 83.3, 78, 0, 13.044, 77.7
2026-09-02 23:00:04, 83.1, 58.9, 989.1, 4.1, 83.2, 78, 0, 13.04, 84.1
2026-09-02 23:10:03, 82.9, 58.6, 988.9, 4.1, 83.1, 78, 0, 13.044, 73.5
2026-09-02 23:20:02, 82.7, 59.4, 988.8, 4.1, 83.0, 76, 0, 13.04, 72.6
2026-09-02 23:30:04, 82.6, 60.4, 988.7, 4.1, 82.7, 73, 0, 13.028, 88.3
2026-09-02 23:40:03, 82.4, 60.5, 988.7, 4.1, 82.6, 83, 0, 13.036, 68.1
2026-09-02 23:50:03, 82.3, 60.0, 988.6, 4.1, 82.5, 83, 0, 13.032, 77.4
2026-09-03 00:00:04, 82.2, 60.6, 988.5, 4.1, 82.4, 81, 0, 13.028, 82.6
2026-09-03 00:10:03, 82.1, 60.2, 988.5, 4.1, 82.3, 82, 0, 13.028, 71.0
2026-09-03 00:20:03, 82.0, 60.2, 988.5, 4.1, 82.2, 83, 0, 13.024, 85.1
2026-09-03 00:30:04, 81.8, 60.9, 988.6, 4.1, 82.1, 85, 0, 13.02, 87.2
2026-09-03 00:40:03, 81.8, 60.8, 988.6, 4.1, 82.0, 88, 0, 13.024, 77.0
2026-09-03 00:50:03, 81.7, 61.5, 988.8, 4.1, 81.8, 88, 0, 13.02, 68.0
2026-09-03 01:00:03, 81.6, 61.5, 988.8, 4.1, 81.7, 89, 0, 13.012, 77.3
2026-09-03 01:10:03, 81.4, 60.8, 988.9, 4.1, 81.6, 91, 0, 13.016, 70.0
2026-09-03 01:20:02, 81.2, 62.7, 989.0, 4.1, 81.5, 91, 0, 13.016, 78.8
2026-09-03 01:30:04, 81.0, 61.1, 989.1, 4.1, 81.4, 92, 0, 12.996, 117.5
2026-09-03 01:40:02, 80.8, 62.8, 989.2, 4.1, 81.3, 101, 0, 13.008, 71.2
2026-09-03 01:50:02, 80.6, 61.8, 989.3, 4.1, 81.2, 101, 0, 13.004, 72.1
2026-09-03 02:00:03, 80.3, 61.4, 989.3, 4.1, 81.2, 101, 0, 13.0, 76.8
2026-09-03 02:10:02, 80.1, 62.4, 989.4, 4.1, 80.9, 102, 0, 13.004, 68.1
2026-09-03 02:20:02, 79.8, 62.2, 989.4, 4.1, 80.9, 98, 0, 13.0, 70.9
2026-09-03 02:30:04, 79.5, 62.6, 989.3, 4.1, 80.8, 106, 0, 12.996, 84.0
2026-09-03 02:40:02, 79.3, 63.7, 989.3, 4.1, 80.7, 99, 0, 12.992, 87.2
2026-09-03 02:50:02, 79.2, 62.7, 989.3, 4.1, 80.6, 99, 0, 12.992, 68.8
2026-09-03 03:00:03, 78.7, 63.6, 989.3, 4.1, 80.5, 99, 0, 12.984, 85.9
2026-09-03 03:10:03, 78.6, 64.1, 989.2, 4.1, 80.4, 99, 0, 12.984, 68.1
2026-09-03 03:20:03, 78.5, 63.3, 989.3, 4.1, 80.3, 99, 0, 12.984, 73.2
2026-09-03 03:30:04, 78.5, 63.4, 989.3, 4.1, 80.2, 105, 0, 12.972, 89.5
2026-09-03 03:40:03, 78.3, 63.4, 989.2, 4.1, 80.0, 101, 0, 12.976, 76.1
2026-09-03 03:50:02, 78.2, 67.2, 989.2, 4.1, 80.0, 105, 0, 12.972, 76.1
2026-09-03 04:00:04, 78.1, 64.4, 989.3, 4.1, 79.9, 107, 0, 12.964, 85.7
2026-09-03 04:10:03, 78.0, 64.2, 989.2, 4.1, 79.8, 107, 0, 12.964, 73.3
2026-09-03 04:20:02, 78.1, 64.8, 989.2, 4.1, 79.7, 106, 0, 12.96, 76.7
2026-09-03 04:30:04, 78.1, 63.6, 989.3, -1.1, 79.7, 107, 0, 12.948, 87.5
2026-09-03 04:40:03, 78.1, 64.3, 989.2, 4.1, 79.6, 108, 0, 12.952, 73.7
2026-09-03 04:50:02, 78.0, 64.1, 989.2, 4.1, 79.5, 108, 0, 12.948, 76.2
2026-09-03 05:00:04, 77.9, 67.2, 989.2, 4.1, 79.5, 111, 0, 12.932, 112.4
2026-09-03 05:10:03, 78.0, 64.2, 989.2, 4.1, 79.4, 110, 0, 12.94, 73.7
2026-09-03 05:20:03, 78.0, 64.9, 989.2, 4.1, 79.2, 108, 0, 12.936, 73.5
2026-09-03 05:30:04, 78.0, 65.8, 989.2, 4.1, 79.1, 107, 0, 12.924, 82.3
2026-09-03 05:40:02, 78.0, 65.8, 989.2, 4.1, 79.1, 108, 0, 12.932, 73.4
2026-09-03 05:50:03, 78.0, 67.7, 989.2, 4.1, 79.0, 107, 0, 12.916, 87.2
2026-09-03 06:00:04, 77.8, 64.2, 989.3, 4.1, 79.0, 108, 0, 12.912, 87.2
2026-09-03 06:10:03, 77.6, 66.0, 989.4, 4.1, 78.9, 110, 0, 12.912, 76.9
2026-09-03 06:20:03, 77.4, 65.2, 989.4, 4.1, 78.9, 110, 0, 12.908, 70.4
2026-09-03 06:30:04, 77.1, 65.7, 989.5, -1.1, 78.8, 111, 0, 12.9, 84.4
2026-09-03 06:40:02, 76.9, 66.2, 989.6, -1.1, 78.7, 114, 0, 12.9, 70.7
2026-09-03 06:50:03, 76.6, 66.3, 989.8, 8.5, 78.7, 115, 0, 12.892, 82.3
2026-09-03 07:00:04, 76.5, 67.8, 989.9, 29.5, 78.6, 116, 0, 12.892, 88.4
2026-09-03 07:10:02, 76.5, 66.2, 990.1, 88.0, 78.5, 116, 0, 12.892, 74.1
2026-09-03 07:20:02, 76.3, 67.1, 990.1, 197.6, 78.5, 117, 0, 12.908, 49.0
2026-09-03 07:30:03, 76.9, 67.1, 990.2, 308.9, 78.3, 118, 0, 12.928, 62.9
2026-09-03 07:40:03, 77.5, 65.3, 990.3, 415.7, 78.3, 117, 0, 12.964, 26.6
2026-09-03 07:50:03, 78.1, 64.8, 990.4, 535.3, 78.2, 121, 0, 13.0, 10.4
2026-09-03 08:00:04, 79.0, 65.5, 990.4, 658.0, 78.2, 123, 0, 13.044, 0.7
2026-09-03 08:10:02, 79.7, 64.1, 990.4, 756.3, 78.2, 7632, 0, 13.112, -26.8
2026-09-03 08:20:02, 80.5, 64.1, 990.5, 847.7, 78.2, 7640, 0, 13.196, -42.1
2026-09-03 08:30:03, 81.3, 62.8, 990.4, 984.4, 78.2, 7661, 0, 13.288, -51.3
2026-09-03 08:40:03, 82.2, 61.3, 990.4, 1058.8, 78.2, 7656, 0, 13.372, -75.7
2026-09-03 08:50:02, 83.5, 60.9, 990.6, 1165.4, 78.3, 7658, 0, 13.572, -154.0
2026-09-03 09:00:04, 85.4, 59.0, 990.5, 1425.4, 78.3, 7686, 0, 13.68, -221.2
2026-09-03 09:10:02, 86.0, 58.4, 990.5, 1267.6, 78.5, 7674, 0, 13.668, -200.3
2026-09-03 09:20:02, 85.5, 59.9, 990.4, 1387.4, 78.6, 7673, 0, 13.68, -231.7
2026-09-03 09:30:04, 86.3, 58.7, 990.3, 1671.2, 78.7, 7709, 0, 13.764, -334.8
2026-09-03 09:40:03, 86.9, 58.9, 990.2, 1676.9, 78.8, 7688, 0, 13.756, -293.6
2026-09-03 09:50:03, 89.6, 55.3, 990.1, 1999.0, 79.0, 7689, 0, 13.952, -471.5
2026-09-03 10:00:03, 90.9, 53.4, 990.1, 1578.8, 79.1, 7700, 0, 13.976, -387.8
2026-09-03 10:10:03, 91.5, 52.7, 990.1, 1728.9, 79.4, 7676, 0, 14.32, -699.8
2026-09-03 10:20:03, 90.3, 55.0, 990.1, 1490.8, 79.5, 7666, 0, 14.22, -469.3
2026-09-03 10:30:04, 90.8, 54.8, 990.1, 1900.0, 79.6, 7675, 0, 14.348, 83.1
2026-09-03 10:40:03, 92.6, 52.4, 990.1, 1880.2, 79.8, 7652, 0, 14.352, 69.8
2026-09-03 10:50:03, 93.7, 52.2, 990.1, 1912.1, 79.9, 7636, 0, 14.572, 80.4
2026-09-03 11:00:04, 94.9, 51.1, 990.0, 1896.7, 80.3, 7635, 0, 14.336, -737.3
2026-09-03 11:10:03, 95.8, 50.8, 989.9, 1939.1, 80.7, 7566, 0, 14.368, 73.6
2026-09-03 11:20:02, 96.4, 51.8, 989.9, 2003.1, 81.5, 7516, 0, 14.368, 69.7
2026-09-03 11:30:04, 97.8, 50.9, 989.8, 2008.2, 82.5, 8530, 0, 14.344, 81.3
2026-09-03 11:40:03, 98.8, 47.4, 989.9, -49.2, 83.5, 8555, 0, 14.364, -812.7
2026-09-03 11:50:02, 99.5, 48.2, 989.9, 2124.9, 84.8, 8547, 0, 14.356, 70.3
2026-09-03 12:00:04, 100.6, 46.5, 989.8, 2170.1, 85.7, 8560, 0, 14.348, 87.4
2026-09-03 12:10:03, 101.5, 44.6, 989.7, 2156.4, 86.7, 8573, 0, 14.36, 70.8
2026-09-03 12:20:03, 102.4, 41.4, 989.6, 2123.4, 87.7, 8641, 0, 13.808, 72.9
2026-09-03 12:30:03, 104.0, 43.8, 989.5, 2134.0, 88.6, 8759, 0, 13.796, 100.9
2026-09-03 12:40:02, 103.9, 43.8, 989.4, 2121.6, 89.4, 8703, 0, 14.14, -1168.1
2026-09-03 12:50:02, 104.3, 46.1, 989.3, 2119.3, 90.2, 8993, 0, 13.808, -1232.5
2026-09-03 13:00:04, 104.8, 42.0, 989.2, 2124.2, 91.0, 9025, 0, 13.8, 88.4
2026-09-03 13:10:03, 104.5, 38.5, 989.3, 2312.2, 91.5, 8956, 0, 13.808, 71.8
2026-09-03 13:20:03, 105.4, 43.9, 989.1, 2470.7, 92.2, 8940, 0, 13.912, 68.3
2026-09-03 13:30:04, 106.6, 41.6, 989.0, 2840.0, 92.6, 8981, 0, 13.8, 90.9
2026-09-03 13:40:03, 107.1, 33.8, 989.0, 2859.4, 93.2, 8986, 0, 13.804, 82.1
2026-09-03 13:50:02, 107.1, 40.5, 988.8, 494.5, 93.5, 8964, 0, 13.808, -1562.6
2026-09-03 14:00:03, 107.6, 36.4, 988.7, 3023.4, 94.1, 9034, 0, 13.8, 84.1
2026-09-03 14:10:03, 108.3, 36.9, 988.5, 2970.9, 94.4, 8761, 0, 13.804, 75.1
2026-09-03 14:20:03, 108.2, 35.9, 988.3, 2469.7, 94.7, 8607, 0, 13.812, 75.4
2026-09-03 14:30:04, 108.4, 38.3, 988.3, 2440.2, 94.8, 8728, 0, 13.8, 84.9
2026-09-03 14:40:03, 108.3, 36.5, 988.3, 1399.3, 94.8, 8745, 0, 13.76, 70.3
2026-09-03 14:50:02, 106.2, 38.2, 988.3, 2395.3, 94.5, 8784, 0, 13.808, 69.2
2026-09-03 15:00:04, 107.6, 32.5, 988.2, 2502.2, 94.1, 8827, 0, 13.788, 118.1
2026-09-03 15:10:03, 108.0, 36.7, 988.0, 2260.0, 93.9, 8795, 0, 13.816, 76.6
2026-09-03 15:20:03, 108.1, 38.2, 987.9, 2794.8, 93.7, 8790, 0, 13.816, 77.3
2026-09-03 15:30:04, 108.3, 36.5, 987.8, 2272.4, 93.4, 8800, 0, 13.796, 104.5
2026-09-03 15:40:03, 106.4, 36.3, 987.6, 2338.8, 93.2, 8663, 0, 13.812, 71.6
2026-09-03 15:50:02, 106.4, 37.8, 987.3, 2359.1, 93.0, 8853, 0, 13.816, 72.2
2026-09-03 16:00:03, 106.2, 39.3, 987.3, 2366.6, 92.9, 8902, 0, 13.792, 111.5
2026-09-03 16:10:02, 105.7, 32.2, 987.0, 2360.5, 92.6, 8890, 0, 13.816, -1144.8
2026-09-03 16:20:02, 105.3, 37.2, 986.7, 2434.5, 92.4, 8901, 0, 14.12, -1073.4
2026-09-03 16:30:03, 104.1, 38.3, 986.6, 4359.2, 92.2, 8919, 0, 13.604, -73.5
2026-09-03 16:40:03, 103.3, 38.1, 986.4, 2029.9, 92.1, 8914, 0, 14.1, 64.0
2026-09-03 16:50:03, 103.5, 39.7, 986.4, 2066.1, 92.0, 8922, 0, 13.812, 75.9
2026-09-03 17:00:04, 104.5, 38.7, 986.3, 2151.8, 91.8, 8941, 0, 13.8, 88.8
2026-09-03 17:10:03, 103.6, 37.0, 986.4, 2237.5, 91.7, 8917, 0, 13.812, 72.4
2026-09-03 17:20:03, 102.1, 36.3, 986.5, 2161.4, 91.6, 8911, 0, 13.812, 67.2
2026-09-03 17:30:03, 102.5, 38.5, 986.7, -1784.8, 91.4, 8957, 0, 13.788, 106.0
2026-09-03 17:40:03, 101.9, 38.0, 987.0, 1964.6, 91.3, 8965, 0, 13.804, 84.6
2026-09-03 17:50:02, 101.3, 37.4, 987.1, 1731.7, 91.2, 8979, 0, 13.816, 68.5
2026-09-03 18:00:03, 100.8, 38.3, 987.2, 1870.4, 91.0, 8735, 0, 13.792, 84.6
2026-09-03 18:10:03, 100.6, 38.2, 987.2, 1819.0, 90.8, 8930, 0, 13.824, 77.8
2026-09-03 18:20:03, 100.0, 40.3, 987.4, 924.4, 90.6, 8996, 0, 13.812, 75.5
2026-09-03 18:30:04, 99.8, 38.7, 987.4, 1357.7, 90.4, 9011, 0, 13.772, 119.4
2026-09-03 18:40:03, 99.2, 41.6, 987.3, 1220.2, 90.2, 8992, 0, 13.856, 72.4
2026-09-03 18:50:03, 98.6, 41.9, 987.2, 1089.2, 89.9, 8985, 0, 13.808, 67.7
2026-09-03 19:00:04, 97.5, 43.3, 987.3, 880.8, 89.7, 9011, 0, 13.952, -149.0
2026-09-03 19:10:02, 96.6, 43.0, 987.4, 470.7, 89.4, 8986, 0, 13.808, 68.9
2026-09-03 19:20:03, 95.3, 45.0, 987.4, 384.0, 89.2, 8984, 0, 13.56, 2.6
2026-09-03 19:30:04, 94.0, 47.0, 987.4, 399.8, 88.8, 8997, 0, 13.444, 69.8
2026-09-03 19:40:02, 92.6, 47.9, 987.5, 339.1, 88.6, 8966, 0, 13.308, 49.5
2026-09-03 19:50:03, 91.5, 48.9, 987.7, 135.9, 88.4, 8953, 0, 13.168, 59.3
2026-09-03 20:00:03, 90.6, 49.0, 987.8, 49.8, 88.0, 8965, 0, 13.06, 111.0
2026-09-03 20:10:03, 89.7, 50.3, 988.0, 8.0, 87.8, 8944, 0, 13.048, 72.0
2026-09-03 20:20:03, 89.1, 50.5, 987.9, 0.2, 87.6, 8941, 0, 13.044, 71.4
2026-09-03 20:30:03, 88.7, 50.5, 987.8, -1.1, 87.3, 8953, 0, 13.028, 113.7
2026-09-03 20:40:03, 87.7, 51.9, 987.9, -1.1, 87.1, 8938, 0, 13.048, 76.4
2026-09-03 20:50:02, 87.2, 52.4, 987.9, -1.1, 86.8, 8930, 0, 13.052, 68.6
2026-09-03 21:00:04, 86.8, 53.5, 987.8, 4.1, 86.7, 8947, 0, 13.052, 87.1
2026-09-03 21:10:03, 85.9, 53.9, 987.8, 4.1, 86.5, 8923, 0, 13.052, 69.9
2026-09-03 21:20:03, 85.5, 54.5, 987.8, -1.1, 86.1, 8883, 0, 13.056, 71.1
2026-09-03 21:30:04, 85.5, 54.3, 987.8, 4.1, 86.0, 8902, 0, 13.048, 83.9
2026-09-03 21:40:03, 85.5, 54.8, 987.9, 4.1, 85.8, 8884, 0, 13.056, 72.8
2026-09-03 21:50:03, 85.1, 54.9, 988.0, 4.1, 85.5, 8876, 0, 13.048, 69.9
2026-09-03 22:00:04, 84.7, 55.3, 988.1, 4.1, 85.3, 8888, 0, 13.048, 80.6
2026-09-03 22:10:03, 84.4, 55.2, 988.3, 4.1, 85.2, 8857, 0, 13.048, 89.9
2026-09-03 22:20:03, 84.0, 55.5, 988.6, 4.1, 85.1, 8850, 0, 13.048, 69.3
2026-09-03 22:30:04, 83.4, 56.3, 988.7, 4.1, 84.9, 8857, 0, 13.036, 97.9
2026-09-03 22:40:03, 83.2, 56.8, 988.8, 4.1, 84.7, 8845, 0, 13.048, 73.1
2026-09-03 22:50:03, 82.7, 60.9, 988.9, 4.1, 84.5, 8837, 0, 13.044, 76.1
2026-09-03 23:00:04, 82.0, 61.5, 988.9, 4.1, 84.3, 8861, 0, 13.036, 89.6
2026-09-03 23:10:03, 81.3, 59.2, 988.9, 4.1, 84.2, 8834, 0, 13.036, 86.4
2026-09-03 23:20:03, 80.5, 60.7, 989.0, -1.1, 84.0, 8880, 0, 13.036, 70.9
2026-09-03 23:30:04, 79.9, 63.3, 988.9, 4.1, 83.8, 8898, 0, 13.028, 80.1
2026-09-03 23:40:03, 79.4, 62.4, 989.0, 4.1, 83.5, 8868, 0, 13.032, 73.5
2026-09-03 23:50:03, 79.0, 62.2, 988.9, 4.1, 83.3, 8859, 0, 13.028, 68.4
2026-09-04 00:00:04, 78.6, 61.6, 989.0, 4.1, 83.2, 8880, 0, 13.02, 83.4
2026-09-04 00:10:02, 78.4, 64.1, 988.8, 4.1, 83.1, 8836, 0, 13.024, 72.8
2026-09-04 00:20:03, 78.1, 65.5, 988.8, 4.1, 82.8, 8855, 0, 13.016, 85.5
2026-09-04 00:30:04, 77.9, 62.9, 988.8, 4.1, 82.7, 8874, 0, 13.012, 83.3
2026-09-04 00:40:03, 77.7, 62.6, 988.8, 4.1, 82.5, 8851, 0, 13.012, 89.8
2026-09-04 00:50:03, 77.5, 62.9, 988.8, 4.1, 82.4, 8637, 0, 13.008, 88.1
2026-09-04 01:00:04, 77.3, 62.4, 988.8, 4.1, 82.3, 8921, 0, 12.996, 110.7
2026-09-04 01:10:02, 77.0, 63.9, 988.7, 4.1, 82.1, 9027, 0, 13.012, 73.6
2026-09-04 01:20:02, 76.8, 64.0, 988.7, 4.1, 82.0, 9018, 0, 13.008, 72.6
2026-09-04 01:30:03, 76.9, 63.1, 988.6, 4.1, 81.8, 9011, 0, 13.004, 82.8
2026-09-04 01:40:03, 76.7, 64.0, 988.5, 4.1, 81.7, 8945, 0, 13.0, 70.1
2026-09-04 01:50:03, 76.7, 63.3, 988.5, 4.1, 81.6, 8911, 0, 13.004, 73.4
2026-09-04 02:00:04, 76.6, 65.0, 988.4, -1.1, 81.5, 9001, 0, 12.992, 80.0
2026-09-04 02:10:02, 76.4, 63.9, 988.4, 4.1, 81.3, 8940, 0, 12.996, 72.8
2026-09-04 02:20:03, 76.3, 63.8, 988.4, 4.1, 81.2, 8980, 0, 12.992, 71.0
2026-09-04 02:30:04, 76.3, 63.7, 988.2, 4.1, 81.0, 9021, 0, 12.988, 87.3
2026-09-04 02:40:02, 76.1, 64.9, 988.3, 4.1, 80.9, 9008, 0, 12.984, 75.9
2026-09-04 02:50:02, 76.0, 64.9, 988.2, 4.1, 80.8, 9010, 0, 12.984, 76.5
2026-09-04 03:00:04, 75.8, 65.6, 988.2, 4.1, 80.7, 9062, 0, 12.976, 88.8
2026-09-04 03:10:03, 75.6, 65.0, 988.0, 4.1, 80.6, 9037, 0, 12.98, 69.9
2026-09-04 03:20:02, 75.4, 65.7, 988.1, 4.1, 80.5, 9019, 0, 12.976, 70.8
2026-09-04 03:30:04, 75.1, 65.9, 988.1, 4.1, 80.4, 9051, 0, 12.968, 87.4
2026-09-04 03:40:03, 75.0, 66.7, 988.1, 4.1, 80.4, 9003, 0, 12.972, 72.9
2026-09-04 03:50:03, 74.9, 66.2, 988.1, 4.1, 80.3, 8973, 0, 12.968, 71.7
2026-09-04 04:00:04, 74.9, 67.3, 988.1, 4.1, 80.2, 8776, 0, 12.96, 83.4
2026-09-04 04:10:02, 75.1, 66.1, 988.0, 4.1, 80.0, 9042, 0, 12.952, 88.5
2026-09-04 04:20:02, 75.0, 66.7, 988.1, 4.1, 79.9, 9036, 0, 12.96, 72.4
2026-09-04 04:30:04, 75.0, 68.1, 987.9, 4.1, 79.8, 9036, 0, 12.944, 112.1
2026-09-04 04:40:03, 75.1, 66.1, 987.8, 4.1, 79.7, 9160, 0, 12.952, 69.1
2026-09-04 04:50:03, 74.7, 67.1, 987.9, 4.1, 79.7, 9151, 0, 12.944, 72.9
2026-09-04 05:00:04, 74.7, 70.6, 987.9, -1.1, 79.6, 9174, 0, 12.932, 85.5
2026-09-04 05:10:02, 74.8, 69.5, 987.8, 4.1, 79.5, 9149, 0, 12.94, 73.0
2026-09-04 05:20:03, 74.9, 66.8, 987.8, 4.1, 79.4, 9141, 0, 12.936, 70.2
2026-09-04 05:30:04, 74.7, 67.2, 987.8, 4.1, 79.4, 9153, 0, 12.928, 85.9
2026-09-04 05:40:03, 74.4, 67.6, 987.9, 4.1, 79.2, 9123, 0, 12.916, 86.2
2026-09-04 05:50:03, 74.1, 67.8, 988.1, 4.1, 79.2, 9112, 0, 12.92, 77.0
2026-09-04 06:00:04, 73.9, 68.3, 988.0, 4.1, 79.0, 9119, 0, 12.9, 120.0
2026-09-04 06:10:03, 73.7, 68.5, 988.1, 4.1, 79.0, 9054, 0, 12.912, 72.7
2026-09-04 06:20:03, 73.5, 69.1, 988.1, -1.1, 78.9, 9016, 0, 12.904, 73.0
2026-09-04 06:30:04, 73.3, 68.9, 988.3, -1.1, 78.8, 9018, 0, 12.892, 83.0
2026-09-04 06:40:03, 73.2, 69.0, 988.4, 1.5, 78.8, 8968, 0, 12.896, 71.8
2026-09-04 06:50:03, 73.1, 69.1, 988.6, 7.3, 78.6, 8938, 0, 12.892, 71.5
2026-09-04 07:00:04, 73.1, 70.2, 988.7, 125.8, 78.6, 8912, 0, 12.88, 89.6
2026-09-04 07:10:03, 73.4, 69.0, 988.8, 100.5, 78.5, 8732, 0, 12.896, 61.0
2026-09-04 07:20:03, 73.5, 69.9, 989.1, 465.9, 78.5, 8881, 0, 12.928, 39.0
2026-09-04 07:30:04, 74.1, 73.3, 989.1, 190.4, 78.3, 8860, 0, 12.944, 45.1
2026-09-04 07:40:03, 74.5, 70.7, 989.2, 362.8, 78.3, 9, 0, 12.992, 2.7
2026-09-04 07:45:18, 74.9, 68.8, 989.2, 444.6, 78.3, 9056, 0, 13.032, -16.1
2026-09-04 07:46:04, 75.0, 74.5, 989.2, 461.5, 78.2, 8965, 1, 13.04, -17.9
2026-09-04 07:50:03, 75.2, 68.9, 989.2, 548.4, 78.2, 8976, 1, 13.064, -11.1
2026-09-04 08:00:04, 75.7, 68.3, 989.4, 693.3, 78.2, 9014, 1, 13.132, 4.2
2026-09-04 08:10:02, 76.6, 69.1, 989.5, 941.8, 78.2, 9001, 1, 13.268, -78.6
2026-09-04 08:20:03, 77.4, 68.6, 989.6, 618.7, 78.2, 9016, 1, 13.356, -58.8
2026-09-04 08:30:04, 77.8, 67.5, 989.6, 889.0, 78.2, 9040, 1, 13.392, -26.5
2026-09-04 08:40:03, 78.0, 69.1, 989.6, 661.9, 78.3, 9029, 1, 13.364, -21.5
2026-09-04 08:50:02, 78.0, 66.3, 989.5, 896.6, 78.3, 9030, 1, 13.376, -44.2
2026-09-04 09:00:03, 79.9, 63.8, 989.4, 1187.1, 78.3, 9057, 1, 13.528, -118.3
2026-09-04 09:10:03, 83.3, 60.7, 989.3, 1426.9, 78.3, 9046, 1, 13.624, -164.5
2026-09-04 09:20:03, 85.0, 58.8, 989.2, 1508.9, 78.5, 9049, 1, 13.684, -217.2
2026-09-04 09:30:03, 86.6, 57.7, 989.1, 1638.7, 78.5, 9069, 1, 13.724, -244.5
2026-09-04 09:40:03, 89.5, 54.5, 989.0, 1865.9, 78.5, 9054, 1, 13.76, -285.4
2026-09-04 09:50:02, 92.1, 52.4, 989.0, 2158.8, 78.6, 9051, 1, 13.816, -330.2
2026-09-04 10:00:04, 92.9, 51.5, 988.9, 2248.6, 78.8, 9142, 0, 14.552, -578.7
2026-09-04 10:10:02, 94.9, 49.8, 989.0, 2250.0, 78.9, 9120, 0, 14.36, 68.4
2026-09-04 10:20:03, 95.9, 49.2, 989.0, 2196.5, 79.1, 9106, 0, 14.56, -641.5
2026-09-04 10:30:04, 95.3, 49.9, 988.8, 1948.0, 79.5, 9113, 0, 14.376, -318.9
2026-09-04 10:40:03, 95.3, 50.2, 988.8, 3078.1, 79.7, 9053, 0, 14.592, -669.5
2026-09-04 10:50:02, 93.5, 52.4, 989.1, 1326.7, 79.9, 8976, 0, 14.38, -241.6
2026-09-04 11:00:03, 89.7, 57.8, 989.5, 858.6, 80.2, 8985, 0, 13.728, -11.8
2026-09-04 11:10:03, 87.9, 59.6, 989.4, 1250.4, 80.3, 8938, 0, 13.896, -173.4
2026-09-04 11:20:03, 88.6, 58.2, 989.6, 1475.5, 80.3, 8885, 0, 14.388, -228.6
2026-09-04 11:30:04, 88.9, 57.8, 989.6, 2180.0, 80.3, 8931, 0, 14.444, 83.8
2026-09-04 11:40:02, 92.7, 54.0, 989.6, 3114.5, 80.4, 8990, 0, 14.328, 70.2
2026-09-04 11:50:02, 94.0, 52.5, 989.8, 1469.6, 81.0, 8971, 0, 14.388, 67.5
2026-09-04 12:00:04, 90.8, 56.5, 990.3, 452.2, 81.4, 8973, 0, 14.02, -57.5
2026-09-04 12:10:03, 87.3, 59.9, 990.0, 1011.2, 81.4, 8943, 0, 14.512, -176.5
2026-09-04 12:20:03, 86.5, 61.1, 990.1, 789.6, 81.3, 8943, 0, 14.464, -178.8
2026-09-04 12:30:04, 85.1, 61.9, 990.0, 1608.7, 81.3, 8900, 1, 14.544, -225.5
2026-09-04 12:40:03, 85.2, 59.8, 990.0, 2540.0, 81.2, 8878, 1, 13.804, 67.9
2026-09-04 12:50:03, 89.8, 54.2, 990.0, 2844.2, 81.3, 8914, 1, 13.812, 75.2
2026-09-04 13:00:04, 91.5, 54.6, 990.1, 1494.9, 81.8, 8920, 1, 13.8, 117.8
2026-09-04 13:10:02, 89.8, 54.9, 989.7, 924.4, 82.2, 8881, 1, 13.876, 69.3
2026-09-04 13:20:03, 87.4, 57.2, 989.2, 1211.6, 82.2, 8865, 1, 13.928, -134.7
2026-09-04 13:30:04, 87.0, 57.8, 989.2, 1639.5, 82.0, 8870, 1, 13.96, -220.7
2026-09-04 13:40:03, 87.6, 57.9, 989.4, 1915.3, 82.0, 8838, 1, 13.984, -320.8
2026-09-04 13:50:03, 89.0, 56.3, 989.4, 2545.6, 81.8, 8839, 1, 13.856, 74.9
2026-09-04 14:00:03, 90.9, 54.5, 989.2, 3273.0, 81.8, 8854, 1, 13.828, 87.4
2026-09-04 14:10:03, 93.7, 52.8, 988.9, 3462.0, 82.0, 8900, 1, 13.816, 84.0
2026-09-04 14:20:03, 95.2, 50.7, 988.9, 3465.9, 82.2, 8849, 1, 14.108, -205.3
2026-09-04 14:30:04, 95.9, 51.1, 989.2, 2846.9, 82.6, 8865, 1, 13.848, 87.7
2026-09-04 14:40:02, 98.0, 49.2, 989.0, 2708.0, 83.1, 8931, 0, 13.812, 68.7
2026-09-04 14:50:03, 97.2, 51.5, 988.8, 2352.5, 83.5, 8929, 0, 14.012, 65.9
2026-09-04 15:00:04, 98.3, 51.2, 988.7, 2353.7, 83.9, 8831, 0, 13.804, 88.0
2026-09-04 15:10:02, 97.3, 48.4, 988.6, 1772.2, 84.2, 8815, 0, 13.86, 71.9
2026-09-04 15:20:03, 96.9, 49.7, 988.7, 2386.1, 84.4, 8791, 0, 13.82, 72.0
2026-09-04 15:30:03, 99.7, 46.5, 988.9, 2439.8, 84.5, 8918, 0, 13.804, 88.0
2026-09-04 15:40:02, 98.8, 48.8, 988.7, 2381.4, 84.8, 8893, 0, 13.816, 72.6
2026-09-04 15:50:03, 99.3, 46.8, 988.5, 2467.6, 85.0, 8879, 0, 13.82, 83.7
2026-09-04 16:00:04, 99.0, 46.3, 988.4, 2700.6, 85.2, 8890, 0, 13.804, 86.8
2026-09-04 16:10:03, 95.2, 51.7, 988.3, 2011.1, 85.2, 8853, 0, 13.812, -282.1
2026-09-04 16:20:03, 92.8, 53.8, 987.9, 1900.8, 85.2, 8834, 0, 13.948, -274.4
2026-09-04 16:30:04, 90.9, 55.4, 987.7, 1533.8, 85.2, 8853, 0, 13.78, -150.6
2026-09-04 16:40:02, 89.8, 55.9, 987.8, 1086.3, 85.0, 8820, 0, 13.86, 67.2
2026-09-04 16:50:03, 88.3, 55.6, 987.3, 694.3, 84.8, 8811, 0, 13.8, 71.0
2026-09-04 17:00:03, 86.5, 57.5, 987.0, 488.9, 84.7, 8824, 0, 13.704, 2.5
2026-09-04 17:10:02, 85.1, 58.7, 986.8, 388.7, 84.4, 8813, 0, 13.544, 16.1
2026-09-04 17:20:03, 84.2, 60.2, 986.3, 296.9, 84.1, 8815, 0, 13.428, 31.8
2026-09-04 17:30:04, 83.0, 62.6, 985.3, 262.8, 83.9, 8825, 0, 13.316, 50.2
2026-09-04 17:40:03, 82.5, 61.4, 985.5, 273.5, 83.6, 8800, 0, 13.232, 40.6
2026-09-04 17:50:02, 82.3, 63.3, 985.7, 294.7, 83.5, 8790, 0, 13.18, 38.6
2026-09-04 18:00:03, 82.5, 59.4, 986.3, 402.9, 83.3, 8796, 0, 13.136, 65.1
2026-09-04 18:10:02, 83.0, 59.5, 986.5, 725.1, 83.1, 8762, 0, 13.2, 11.9
2026-09-04 18:20:02, 83.6, 58.8, 986.8, 821.9, 83.0, 8744, 0, 13.316, -26.2
2026-09-04 18:30:03, 83.9, 58.8, 987.1, 787.1, 82.7, 8756, 0, 13.44, -27.0
2026-09-04 18:40:02, 84.0, 59.2, 987.2, 877.9, 82.7, 8731, 0, 13.532, -45.2
2026-09-04 18:50:03, 84.9, 58.4, 987.1, 1289.6, 82.5, 8724, 0, 14.416, 65.3
2026-09-04 19:00:04, 86.4, 57.0, 987.1, 1050.4, 82.5, 8746, 0, 14.46, 82.5
2026-09-04 19:10:03, 87.3, 55.8, 987.0, 736.8, 82.5, 8733, 0, 14.408, 71.0
2026-09-04 19:20:02, 87.1, 56.8, 986.9, 491.1, 82.5, 8734, 0, 14.384, -43.4
2026-09-04 19:30:04, 85.6, 58.4, 986.8, 365.6, 82.4, 8754, 0, 13.8, 27.2
2026-09-04 19:40:03, 83.7, 60.9, 986.8, 228.3, 82.3, 8733, 0, 13.56, 61.9
2026-09-04 19:50:03, 82.3, 61.9, 986.8, 119.1, 82.2, 8735, 0, 13.376, 66.6
2026-09-04 20:00:04, 81.0, 62.9, 987.0, 55.0, 82.0, 8755, 0, 13.176, 111.3
2026-09-04 20:10:03, 80.0, 63.7, 987.1, 4.3, 81.8, 8752, 0, 13.072, 73.7
2026-09-04 20:20:03, 79.4, 64.6, 987.1, 1.5, 81.6, 8748, 0, 13.016, 86.2
2026-09-04 20:30:03, 78.8, 65.3, 987.2, -1.1, 81.5, 8765, 0, 13.012, 84.3
2026-09-04 20:40:02, 78.3, 65.2, 987.2, -1.1, 81.3, 8744, 0, 13.016, 74.6
2026-09-04 20:50:03, 77.8, 65.9, 987.4, 4.1, 81.2, 8736, 0, 13.028, 73.3
2026-09-04 21:00:04, 77.6, 67.2, 987.5, 4.1, 80.9, 8728, 0, 13.016, 107.4
2026-09-04 21:10:03, 77.3, 66.3, 987.6, 4.1, 80.8, 8710, 0, 13.036, 72.9
2026-09-04 21:20:03, 76.9, 66.5, 987.7, 4.1, 80.7, 8715, 0, 13.036, 73.7
2026-09-04 21:30:04, 76.5, 68.0, 987.7, -1.1, 80.6, 8744, 0, 13.032, 87.3
2026-09-04 21:40:03, 76.3, 67.8, 987.7, 4.1, 80.4, 8725, 0, 13.044, 72.2
2026-09-04 21:50:02, 76.1, 68.4, 987.6, 4.1, 80.3, 8717, 0, 13.044, 73.0
2026-09-04 22:00:03, 75.8, 67.9, 987.9, -1.1, 80.2, 8721, 0, 13.024, 103.5
2026-09-04 22:10:03, 75.6, 68.6, 987.9, 4.1, 80.0, 8676, 0, 13.036, 72.0
2026-09-04 22:20:02, 75.3, 69.1, 988.0, 4.1, 79.8, 8677, 0, 13.032, 85.9
2026-09-04 22:30:04, 75.2, 68.5, 988.0, 4.1, 79.7, 8698, 0, 13.032, 80.3
2026-09-04 22:40:03, 74.9, 69.1, 987.9, 4.1, 79.7, 8683, 0, 13.036, 71.5
2026-09-04 22:50:02, 74.7, 69.9, 987.9, 4.1, 79.6, 8681, 0, 13.036, 73.0
2026-09-04 23:00:04, 74.6, 69.4, 987.8, 4.1, 79.5, 8710, 0, 13.028, 84.6
2026-09-04 23:10:03, 74.5, 69.7, 987.7, 4.1, 79.4, 8680, 0, 13.032, 73.4
2026-09-04 23:20:03, 74.4, 69.9, 987.8, 4.1, 79.2, 8671, 0, 13.028, 71.0
2026-09-04 23:30:03, 74.3, 70.1, 987.8, 4.1, 79.1, 8662, 0, 13.016, 92.3
2026-09-04 23:40:03, 74.1, 70.1, 987.9, 4.1, 79.0, 8636, 0, 13.028, 72.5
2026-09-04 23:50:03, 74.1, 72.5, 987.8, 4.1, 78.9, 8613, 0, 13.024, 73.2
2026-09-05 00:00:04, 74.1, 70.2, 987.8, 4.1, 78.8, 14, 0, 13.02, 80.2
2026-09-05 00:10:03, 73.9, 70.3, 987.8, 4.1, 78.7, 9103, 0, 13.016, 72.9
2026-09-05 00:20:03, 73.8, 70.8, 987.8, 4.1, 78.7, 9129, 0, 13.012, 83.1
2026-09-05 00:30:04, 73.8, 70.6, 987.7, 4.1, 78.6, 9177, 0, 13.008, 88.4
2026-09-05 00:40:03, 73.7, 71.0, 987.7, 4.1, 78.5, 9176, 0, 13.012, 68.5
2026-09-05 00:50:03, 73.6, 71.2, 987.7, 4.1, 78.3, 9189, 0, 13.012, 73.1
2026-09-05 01:00:04, 73.7, 71.7, 987.6, 4.1, 78.3, 9223, 0, 12.996, 93.9
2026-09-05 01:10:02, 73.6, 71.0, 987.6, 4.1, 78.2, 9206, 0, 13.008, 69.0
2026-09-05 01:20:02, 73.6, 70.9, 987.5, 4.1, 78.1, 9211, 0, 13.008, 73.0
2026-09-05 01:30:03, 73.4, 74.6, 987.3, 4.1, 78.1, 9235, 0, 13.0, 83.2
2026-09-05 01:40:03, 73.4, 71.1, 987.3, 4.1, 78.0, 9213, 0, 13.0, 76.2
2026-09-05 01:50:03, 73.2, 71.5, 987.2, 4.1, 78.0, 9215, 0, 13.0, 80.8
2026-09-05 02:00:04, 73.1, 71.3, 987.1, 4.1, 77.9, 9232, 0, 12.992, 84.4
2026-09-05 02:10:03, 73.0, 71.6, 986.8, 4.1, 77.8, 9217, 0, 12.992, 69.4
2026-09-05 02:20:03, 72.9, 71.6, 986.7, 4.1, 77.7, 9222, 0, 12.992, 73.2
2026-09-05 02:30:04, 73.0, 71.8, 986.6, 4.1, 77.7, 9247, 0, 12.98, 79.9
2026-09-05 02:40:03, 73.2, 71.4, 986.5, 4.1, 77.7, 9230, 0, 12.988, 72.9
2026-09-05 02:50:03, 73.4, 71.9, 986.4, 4.1, 77.6, 9229, 0, 12.984, 76.5
2026-09-05 03:00:04, 73.4, 71.3, 986.3, 4.1, 77.6, 9255, 0, 12.972, 79.9
2026-09-05 03:10:03, 73.5, 71.7, 986.4, 4.1, 77.6, 9236, 0, 12.98, 67.7
2026-09-05 03:20:03, 73.6, 72.8, 986.5, 4.1, 77.5, 9236, 0, 12.98, 69.6
2026-09-05 03:30:03, 73.6, 71.7, 985.9, 4.1, 77.5, 9254, 0, 12.96, 96.1
2026-09-05 03:40:02, 73.9, 72.5, 986.2, -1.1, 77.3, 9234, 0, 12.972, 67.1
2026-09-05 03:50:02, 73.9, 72.5, 986.2, 4.1, 77.3, 9233, 0, 12.972, 72.4
2026-09-05 04:00:04, 73.7, 75.3, 986.7, 4.1, 77.3, 9250, 0, 12.964, 85.0
2026-09-05 04:10:03, 73.6, 74.7, 986.7, -1.1, 77.3, 9142, 1, 12.96, 87.6
2026-09-05 04:20:02, 73.3, 81.1, 987.1, 4.1, 77.2, 9164, 0, 12.96, 72.9
2026-09-05 04:30:03, 73.1, 75.5, 986.8, -1.1, 77.2, 11954, 0, 12.956, 81.7
2026-09-05 04:40:03, 73.0, 77.4, 987.3, 4.1, 77.1, 14025, 0, 12.952, 89.9
2026-09-05 04:50:03, 72.9, 84.3, 987.5, 4.1, 77.0, 12070, 0, 12.948, 71.7
2026-09-05 05:00:04, 71.8, 76.8, 987.2, 4.1, 76.9, 14027, 0, 12.932, 119.8
2026-09-05 05:10:03, 70.8, 79.2, 987.4, 4.1, 76.8, 13604, 0, 12.936, 73.1
2026-09-05 05:20:03, 69.7, 78.5, 986.4, 4.1, 76.4, 12598, 0, 12.936, 69.7
2026-09-05 05:30:04, 69.6, 79.0, 986.3, -1.1, 76.1, 12772, 0, 12.924, 90.7
2026-09-05 05:40:03, 69.7, 85.7, 986.5, 4.1, 76.0, 11490, 0, 12.928, 72.7
2026-09-05 05:50:03, 69.8, 97.6, 989.2, 4.1, 75.3, 9135, 0, 12.916, 86.0
2026-09-05 06:00:04, 70.2, 91.3, 988.6, -1.1, 71.2, 9083, 0, 12.908, 88.2
2026-09-05 06:10:03, 70.3, 81.1, 988.6, 4.1, 70.8, 11035, 0, 12.904, 77.1
2026-09-05 06:20:03, 70.4, 79.8, 988.8, 4.1, 71.0, 11944, 0, 12.904, 73.0
2026-09-05 06:30:04, 70.4, 79.6, 988.9, 4.1, 71.3, 12717, 0, 12.892, 86.6
2026-09-05 06:40:03, 70.4, 78.6, 989.0, -1.1, 71.4, 13695, 0, 12.892, 73.1
2026-09-05 06:50:03, 70.4, 79.4, 989.0, -1.1, 71.5, 12925, 0, 12.88, 72.6
2026-09-05 07:00:03, 70.4, 80.3, 989.2, 1.5, 71.7, 13063, 0, 12.86, 116.6
2026-09-05 07:10:03, 70.3, 79.1, 988.7, 2.9, 71.8, 13410, 0, 12.876, 71.1
2026-09-05 07:20:03, 70.2, 80.0, 988.7, 5.4, 71.9, 13862, 0, 12.868, 73.2
2026-09-05 07:30:04, 70.2, 80.5, 988.8, 240.1, 71.9, 13916, 0, 12.848, 112.1
2026-09-05 07:40:03, 70.3, 86.2, 988.3, 72.8, 72.2, 14938, 0, 12.876, 61.4
2026-09-05 07:50:02, 70.1, 87.0, 987.6, 72.8, 72.2, 15175, 0, 12.876, 69.9
2026-09-05 08:00:03, 70.0, 84.2, 988.1, 66.3, 72.2, 15327, 0, 12.864, 74.2
2026-09-05 08:10:02, 69.9, 81.6, 987.9, 72.1, 72.4, 17138, 0, 12.86, 79.9
2026-09-05 08:20:02, 69.9, 85.3, 986.9, 133.0, 72.3, 15377, 0, 12.876, 61.0
2026-09-05 08:30:03, 69.8, 86.0, 988.1, 214.3, 72.4, 16399, 0, 12.888, 56.1
2026-09-05 08:40:03, 69.9, 85.2, 987.9, 377.6, 72.4, 16612, 0, 12.936, 12.4
2026-09-05 08:50:02, 70.1, 85.0, 987.5, 526.8, 72.4, 16749, 0, 13.028, -22.9
2026-09-05 09:00:04, 70.5, 83.3, 987.2, 628.2, 72.5, 17924, 0, 13.148, -42.0
2026-09-05 09:10:03, 70.9, 81.5, 987.0, 690.2, 72.6, 18414, 0, 13.304, -69.8
2026-09-05 09:20:03, 71.1, 84.2, 986.8, 667.3, 72.6, 19024, 0, 13.436, -90.4
2026-09-05 09:30:04, 71.4, 82.2, 986.8, 905.8, 72.7, 19464, 0, 13.512, -65.2
2026-09-05 09:40:03, 72.2, 83.3, 987.1, 1314.9, 72.7, 19723, 0, 13.656, -186.5
2026-09-05 09:50:03, 73.1, 80.3, 986.8, 1901.2, 72.8, 19887, 0, 13.732, -236.6
2026-09-05 10:00:03, 73.9, 76.7, 986.7, 1637.2, 73.0, 20105, 0, 13.768, -272.5
2026-09-05 10:10:02, 75.1, 76.2, 986.5, 1907.8, 73.1, 20283, 0, 13.832, -338.4
2026-09-05 10:20:02, 76.2, 74.8, 986.3, 2092.9, 73.2, 20449, 0, 13.964, -458.1
2026-09-05 10:30:03, 78.0, 73.0, 986.3, 2169.3, 73.4, 20609, 0, 14.336, -498.8
2026-09-05 10:40:03, 79.2, 71.0, 986.7, 2027.6, 73.6, 20662, 0, 14.576, -463.6
2026-09-05 10:50:03, 80.6, 69.9, 986.8, 2299.2, 73.8, 20603, 0, 14.412, -699.9
2026-09-05 11:00:04, 81.0, 70.6, 987.0, 1788.3, 74.0, 20695, 0, 14.544, -528.8
2026-09-05 11:10:03, 81.4, 70.3, 987.2, 1762.4, 74.3, 20823, 0, 14.384, 68.4
2026-09-05 11:20:03, 82.3, 69.6, 987.2, 1352.9, 74.5, 21015, 0, 14.552, -639.8
2026-09-05 11:30:04, 82.4, 68.6, 987.2, 1376.6, 75.1, 20499, 0, 14.56, -744.2
2026-09-05 11:40:03, 83.3, 66.8, 987.2, 1309.2, 75.8, 18655, 0, 14.348, 68.2
2026-09-05 11:50:03, 85.2, 66.3, 987.3, 1557.1, 76.8, 16911, 0, 14.332, -896.0
2026-09-05 12:00:04, 85.8, 65.9, 987.3, 1865.5, 77.8, 13328, 0, 14.576, -956.9
2026-09-05 12:10:03, 88.0, 67.1, 987.4, 2352.4, 78.7, 14566, 0, 14.32, 67.6
2026-09-05 12:20:03, 89.1, 59.6, 987.5, 2907.2, 79.6, 14249, 0, 14.328, 67.0
2026-09-05 12:30:04, 88.8, 62.9, 987.4, 3299.3, 80.0, 11955, 0, 13.812, 86.9
2026-09-05 12:40:02, 87.7, 62.2, 987.5, 2596.8, 80.2, 10824, 0, 13.816, 67.3
2026-09-05 12:50:02, 87.5, 63.8, 987.3, 2473.8, 80.0, 10699, 0, 13.816, 71.3
2026-09-05 13:00:04, 88.8, 61.2, 987.3, 793.8, 79.9, 10682, 0, 13.8, 108.3
2026-09-05 13:10:03, 90.7, 63.2, 987.4, 2707.7, 80.0, 10624, 0, 13.816, 73.1
2026-09-05 13:20:03, 93.0, 61.3, 987.2, 1849.5, 80.6, 10644, 0, 14.004, -646.2
2026-09-05 13:30:04, 92.2, 62.7, 987.2, 2265.5, 81.2, 10621, 0, 13.804, 88.1
2026-09-05 13:40:03, 93.1, 59.5, 987.0, 2064.8, 81.6, 10611, 0, 13.812, 74.5
2026-09-05 13:50:03, 94.8, 52.4, 987.0, 2621.6, 82.0, 10621, 0, 13.808, 72.5
2026-09-05 14:00:04, 95.0, 50.7, 987.1, 3043.7, 82.4, 10620, 0, 13.796, 108.5
2026-09-05 14:10:03, 96.2, 59.5, 987.1, 3672.8, 82.7, 10604, 0, 13.808, 68.2
2026-09-05 14:20:03, 99.2, 55.5, 986.9, 3621.1, 83.0, 10457, 0, 13.812, 73.1
2026-09-05 14:30:04, 98.2, 54.8, 986.7, 2376.8, 83.1, 10497, 0, 13.808, 89.3
2026-09-05 14:40:03, 97.5, 52.3, 986.7, 1839.8, 83.2, 10483, 0, 13.812, 71.7
2026-09-05 14:50:03, 97.3, 54.2, 986.6, 2843.1, 83.2, 10471, 0, 13.804, 75.2
2026-09-05 15:00:04, 97.6, 52.7, 986.5, 2664.6, 83.2, 10482, 0, 13.8, 92.4
2026-09-05 15:10:02, 96.2, 49.6, 986.5, 2202.5, 83.2, 10464, 0, 13.848, 71.6
2026-09-05 15:20:02, 93.5, 54.6, 986.3, 2110.7, 83.1, 10446, 0, 13.996, -453.1
2026-09-05 15:30:04, 91.8, 56.5, 986.3, 2024.3, 82.8, 10198, 0, 13.796, 105.4
2026-09-05 15:40:02, 92.9, 55.0, 986.3, 2896.6, 82.7, 10032, 0, 13.824, 67.4
2026-09-05 15:50:02, 92.1, 53.6, 986.2, 1876.6, 82.5, 10032, 0, 13.816, 70.0
2026-09-05 16:00:04, 90.3, 54.0, 986.1, 2038.2, 82.4, 9531, 0, 13.796, 105.3
2026-09-05 16:10:03, 89.7, 52.2, 985.9, 1580.4, 82.2, 9651, 0, 13.788, 70.4
2026-09-05 16:20:03, 91.3, 52.6, 985.8, 2889.6, 82.0, 9996, 0, 13.8, 66.1
2026-09-05 16:30:04, 93.7, 52.8, 985.6, 2020.3, 81.8, 10037, 0, 13.84, 105.4
2026-09-05 16:40:03, 94.3, 53.5, 985.5, 2135.6, 81.8, 10036, 0, 14.06, 69.1
2026-09-05 16:50:03, 93.1, 50.9, 985.5, 1673.3, 81.8, 10027, 0, 13.812, -274.5
2026-09-05 17:00:04, 93.7, 52.2, 985.4, 1824.4, 81.7, 10042, 0, 13.836, 80.7
2026-09-05 17:10:03, 94.2, 52.9, 985.3, 1684.2, 81.7, 10044, 0, 13.824, 72.1
2026-09-05 17:20:03, 94.5, 51.8, 985.4, 575.6, 81.7, 10043, 0, 13.808, 72.0
2026-09-05 17:30:03, 93.7, 50.4, 985.5, 993.6, 81.7, 10049, 0, 13.984, -622.8
2026-09-05 17:40:03, 93.4, 53.0, 985.5, 1668.9, 81.7, 10043, 0, 13.76, 75.9
2026-09-05 17:50:03, 92.1, 55.4, 985.5, 1694.3, 81.7, 10035, 0, 13.832, 70.6
2026-09-05 18:00:04, 92.7, 52.4, 985.2, 1383.9, 81.5, 10057, 0, 13.8, 78.5
2026-09-05 18:10:02, 91.0, 55.3, 985.2, 1278.3, 81.5, 10050, 0, 13.972, -99.4
2026-09-05 18:20:02, 88.8, 55.9, 985.2, 953.9, 81.4, 9873, 0, 13.7, 72.2
2026-09-05 18:30:04, 86.9, 57.7, 985.3, 906.1, 81.2, 10397, 0, 13.648, 4.6
2026-09-05 18:40:03, 87.6, 56.5, 985.3, 1111.2, 81.2, 10430, 0, 13.836, 71.1
2026-09-05 18:50:03, 87.2, 58.1, 985.5, 1810.1, 80.9, 10423, 0, 13.824, 74.6
2026-09-05 19:00:04, 85.7, 60.3, 985.6, 408.7, 80.8, 10374, 0, 13.432, 73.7
2026-09-05 19:10:02, 83.9, 61.6, 985.5, 290.0, 80.7, 10151, 0, 13.172, 61.9
2026-09-05 19:20:02, 82.8, 62.7, 985.6, 460.1, 80.5, 10006, 0, 13.124, 25.8
2026-09-05 19:30:03, 82.2, 62.3, 985.7, 374.9, 80.3, 9899, 0, 13.076, 53.9
2026-09-05 19:40:03, 81.4, 63.9, 985.8, 223.3, 80.2, 9671, 0, 13.032, 55.1
2026-09-05 19:50:02, 80.6, 64.1, 985.9, 98.6, 79.9, 9894, 0, 13.0, 82.8
2026-09-05 20:00:03, 79.9, 64.8, 985.9, 25.8, 79.8, 9523, 0, 13.004, 82.9
2026-09-05 20:10:03, 79.1, 65.9, 985.9, 5.9, 79.6, 10035, 0, 13.02, 68.2
2026-09-05 20:20:03, 78.6, 66.4, 985.7, 1.5, 79.5, 9660, 0, 13.024, 76.6
2026-09-05 20:30:03, 78.4, 66.2, 985.8, -1.1, 79.4, 9969, 0, 13.02, 83.1
2026-09-05 20:40:03, 77.9, 66.8, 985.8, -1.1, 79.1, 9683, 0, 13.02, 88.1
2026-09-05 20:50:03, 77.7, 67.2, 985.9, 4.1, 79.0, 9869, 0, 13.024, 75.1
2026-09-05 21:00:03, 77.5, 68.5, 986.1, 4.1, 78.8, 9653, 0, 13.004, 107.8
2026-09-05 21:10:03, 77.7, 68.1, 986.2, 4.1, 78.7, 10045, 0, 13.02, 72.9
2026-09-05 21:20:03, 78.1, 68.0, 986.4, 4.1, 78.6, 10087, 0, 13.016, 69.4
2026-09-05 21:30:04, 78.0, 68.3, 986.4, 4.1, 78.5, 10099, 0, 13.0, 85.3
2026-09-05 21:40:03, 77.5, 71.5, 986.5, 4.1, 78.3, 10090, 0, 13.004, 68.9
2026-09-05 21:50:03, 77.1, 70.4, 986.7, 4.1, 78.2, 10115, 0, 13.004, 73.4
2026-09-05 22:00:03, 76.8, 68.5, 986.9, 4.1, 78.1, 9698, 0, 12.984, 100.1
2026-09-05 22:10:03, 76.3, 69.2, 987.0, 4.1, 78.0, 10315, 0, 12.992, 72.6
2026-09-05 22:20:03, 75.8, 70.2, 987.0, 4.1, 77.9, 10358, 0, 12.98, 86.7
2026-09-05 22:30:04, 75.5, 70.4, 987.1, 4.1, 77.8, 9462, 0, 12.976, 81.9
2026-09-05 22:40:02, 75.7, 71.1, 987.1, 4.1, 77.7, 9821, 0, 12.972, 76.6
2026-09-05 22:50:03, 75.9, 69.4, 987.1, 4.1, 77.7, 9875, 0, 12.972, 72.8
2026-09-05 23:00:04, 75.9, 72.9, 987.2, 4.1, 77.5, 9868, 0, 12.952, 84.8
2026-09-05 23:10:03, 75.4, 71.3, 987.2, 4.1, 77.5, 9889, 0, 12.956, 70.7
2026-09-05 23:20:03, 75.0, 69.8, 987.2, 4.1, 77.3, 9942, 0, 12.948, 73.3
2026-09-05 23:30:04, 74.8, 70.8, 987.2, 4.1, 77.2, 9363, 0, 12.936, 86.6
2026-09-05 23:40:03, 74.4, 72.1, 987.0, 4.1, 77.2, 9461, 0, 12.936, 73.4
2026-09-05 23:50:03, 74.0, 71.0, 987.1, 4.1, 77.0, 10129, 0, 12.92, 76.9
2026-09-06 00:00:04, 73.8, 72.4, 987.1, 4.1, 76.9, 9948, 0, 12.888, 118.9
2026-09-06 00:10:03, 73.5, 72.6, 987.0, 4.1, 76.8, 9804, 0, 12.892, 70.9
2026-09-06 00:20:03, 73.4, 72.3, 987.1, 4.1, 76.7, 9617, 0, 12.872, 84.7
2026-09-06 00:30:04, 73.4, 70.0, 987.2, 4.1, 76.5, 9732, 0, 12.856, 85.9
2026-09-06 00:40:03, 73.2, 70.5, 987.1, 4.1, 76.4, 9977, 0, 12.848, 73.6
2026-09-06 00:50:03, 72.8, 71.0, 987.3, 4.1, 76.3, 9547, 0, 12.828, 76.8
2026-09-06 01:00:04, 72.3, 72.2, 987.3, 4.1, 76.2, 10050, 0, 12.812, 89.4
2026-09-06 01:10:03, 72.0, 71.1, 987.5, 4.1, 76.1, 9556, 0, 12.812, 69.8
2026-09-06 01:20:03, 72.0, 70.2, 987.6, 4.1, 76.0, 9926, 0, 12.8, 87.0
2026-09-06 01:30:03, 72.1, 69.5, 987.6, 4.1, 75.9, 9927, 0, 12.796, 83.8
2026-09-06 01:40:02, 72.0, 68.9, 987.7, 4.1, 75.8, 9897, 0, 12.804, 72.7
2026-09-06 01:50:03, 71.9, 68.2, 987.8, 4.1, 75.7, 9887, 0, 12.804, 73.8
2026-09-06 02:00:04, 71.7, 67.6, 987.9, 4.1, 75.4, 9888, 0, 12.796, 87.3
2026-09-06 02:10:03, 71.6, 66.2, 988.0, 4.1, 75.3, 9779, 0, 12.804, 73.3
2026-09-06 02:20:03, 71.5, 65.6, 988.0, 4.1, 75.2, 9763, 0, 12.796, 86.1
2026-09-06 02:30:04, 71.5, 64.8, 988.0, 4.1, 75.0, 9900, 0, 12.784, 118.7
2026-09-06 02:40:02, 71.5, 63.7, 988.0, 4.1, 75.0, 9901, 0, 12.804, 74.8
2026-09-06 02:50:03, 71.4, 63.9, 988.0, 4.1, 74.8, 9872, 0, 12.812, 73.4
2026-09-06 03:00:03, 71.2, 62.5, 988.1, 4.1, 74.6, 9929, 0, 12.796, 83.3
2026-09-06 03:10:02, 71.1, 63.8, 988.1, 4.1, 74.5, 9745, 0, 12.808, 74.4
2026-09-06 03:20:02, 71.0, 63.4, 988.0, 4.1, 74.4, 9764, 0, 12.812, 73.5
2026-09-06 03:30:04, 70.8, 64.2, 988.0, 4.1, 74.2, 9583, 0, 12.8, 82.7
2026-09-06 03:40:02, 70.2, 63.7, 987.8, 4.1, 74.2, 9444, 0, 12.812, 73.5
2026-09-06 03:50:03, 69.7, 63.9, 987.9, 4.1, 74.0, 9278, 0, 12.812, 73.2
2026-09-06 04:00:04, 69.2, 64.9, 987.8, 4.1, 73.8, 9706, 0, 12.8, 88.2
2026-09-06 04:10:03, 68.7, 64.7, 987.8, 4.1, 73.6, 9595, 0, 12.812, 73.5
2026-09-06 04:20:02, 68.4, 65.5, 988.0, 4.1, 73.5, 8875, 0, 12.808, 73.5
2026-09-06 04:30:04, 68.2, 65.2, 988.1, -1.1, 73.4, 9800, 0, 12.796, 88.0
2026-09-06 04:40:03, 68.3, 66.0, 988.2, 4.1, 73.3, 9796, 0, 12.808, 72.6
2026-09-06 04:50:03, 68.6, 65.4, 988.3, 4.1, 73.2, 9796, 0, 12.808, 73.0
2026-09-06 05:00:04, 68.9, 64.8, 988.3, 4.1, 73.1, 9804, 0, 12.784, 115.7
2026-09-06 05:10:03, 68.9, 64.7, 988.3, 4.1, 73.1, 9799, 0, 12.808, 73.6
2026-09-06 05:20:03, 68.7, 64.3, 988.3, 4.1, 73.0, 9827, 0, 12.804, 69.9
2026-09-06 05:30:04, 68.1, 65.0, 988.3, 4.1, 72.8, 9842, 0, 12.784, 84.7
2026-09-06 05:40:03, 67.7, 65.6, 988.4, 4.1, 72.7, 9664, 0, 12.804, 69.2
2026-09-06 05:50:03, 67.1, 66.0, 988.5, -1.1, 72.6, 9585, 0, 12.804, 73.5
2026-09-06 06:00:03, 66.7, 66.5, 988.6, 4.1, 72.5, 9788, 0, 12.78, 105.1
2026-09-06 06:10:03, 66.4, 66.4, 988.6, 4.1, 72.4, 9450, 0, 12.8, 68.8
2026-09-06 06:20:02, 66.0, 67.2, 988.7, -1.1, 72.3, 9956, 0, 12.796, 73.1
2026-09-06 06:30:04, 65.8, 66.7, 988.9, -1.1, 72.2, 9470, 0, 12.784, 85.7
2026-09-06 06:40:02, 65.4, 67.7, 988.9, 1.5, 72.0, 9254, 0, 12.796, 73.5
2026-09-06 06:50:03, 65.0, 68.1, 988.9, 4.1, 71.9, 9394, 0, 12.792, 73.4
2026-09-06 07:00:04, 64.7, 68.0, 988.9, 39.8, 71.8, 10035, 0, 12.78, 85.7
2026-09-06 07:10:02, 64.5, 68.2, 988.8, 106.2, 71.7, 9460, 0, 12.804, 64.7
2026-09-06 07:20:02, 64.4, 68.7, 988.8, 196.8, 71.7, 9573, 0, 12.82, 55.3
2026-09-06 07:30:03, 64.4, 68.2, 988.9, 277.6, 71.5, 9713, 0, 12.832, 60.3
2026-09-06 07:40:03, 64.6, 68.5, 989.0, 332.1, 71.4, 9770, 0, 12.864, 37.3
2026-09-06 07:50:02, 65.0, 68.8, 989.2, 393.5, 71.3, 9839, 0, 12.884, 27.9
2026-09-06 08:00:03, 65.6, 67.1, 989.5, 447.5, 71.3, 9885, 0, 12.88, 63.1
2026-09-06 08:10:03, 66.0, 66.9, 989.5, 499.7, 71.2, 9895, 0, 12.932, 12.8
2026-09-06 08:20:02, 66.6, 66.6, 989.6, 528.6, 71.0, 9907, 0, 12.96, 8.0
2026-09-06 08:30:03, 67.3, 66.6, 989.7, 1100.9, 70.9, 9917, 0, 12.98, 18.4
2026-09-06 08:40:03, 68.2, 64.7, 989.9, 702.7, 70.8, 9925, 0, 13.416, -160.0
2026-09-06 08:50:03, 69.8, 63.4, 990.0, 833.0, 70.7, 9980, 0, 13.376, -33.5
2026-09-06 09:00:04, 71.9, 60.9, 990.0, 991.0, 70.7, 9912, 0, 13.524, -58.0
2026-09-06 09:10:03, 74.9, 56.5, 990.0, 1185.0, 70.6, 9810, 0, 13.716, -180.4
2026-09-06 09:20:03, 75.2, 54.4, 990.0, 1143.4, 70.6, 9500, 0, 13.736, -204.5
2026-09-06 09:30:04, 77.8, 53.1, 990.0, 1306.1, 70.6, 9703, 0, 13.8, -256.6
2026-09-06 09:40:03, 79.7, 50.1, 990.1, 1332.7, 70.5, 9845, 0, 13.868, -311.9
2026-09-06 09:50:03, 81.0, 50.7, 990.2, 1513.8, 70.5, 10100, 0, 14.54, -655.3
2026-09-06 10:00:04, 82.5, 48.1, 990.3, 2367.7, 70.5, 9845, 0, 14.304, 97.8
2026-09-06 10:10:03, 82.2, 49.4, 990.3, 1561.3, 70.6, 10021, 0, 14.576, 61.0
2026-09-06 10:20:03, 81.8, 50.1, 990.2, 1550.7, 70.6, 10050, 0, 14.584, -514.1
2026-09-06 10:30:04, 82.7, 51.1, 990.4, 1614.4, 70.7, 10073, 0, 14.3, 82.3
2026-09-06 10:40:03, 82.4, 49.3, 990.3, 1575.7, 70.8, 10078, 0, 14.344, 66.6
2026-09-06 10:50:03, 82.4, 52.2, 990.3, 1563.9, 70.9, 9968, 0, 14.32, 63.7
2026-09-06 11:00:04, 82.6, 48.2, 990.4, 1556.2, 71.2, 10097, 0, 14.584, 75.3
2026-09-06 11:10:03, 83.2, 47.9, 990.5, 1373.4, 71.5, 10140, 0, 14.356, 69.9
2026-09-06 11:20:02, 84.6, 44.0, 990.5, 1567.4, 71.9, 10061, 0, 14.336, 69.1
2026-09-06 11:30:04, 85.5, 44.7, 990.4, 1578.6, 72.7, 10101, 0, 14.32, 83.2
2026-09-06 11:40:02, 85.5, 50.9, 990.5, 1583.2, 73.5, 10289, 0, 14.356, 69.5
2026-09-06 11:50:02, 85.7, 50.1, 990.5, 1652.9, 74.5, 10345, 0, 13.804, 75.4
2026-09-06 12:00:04, 86.8, 53.3, 990.6, 1578.1, 75.4, 10256, 0, 13.792, 148.0
2026-09-06 12:10:03, 87.4, 47.4, 990.8, 1685.2, 76.5, 10443, 0, 13.816, 67.7
2026-09-06 12:20:03, 88.5, 51.4, 990.6, 1644.6, 77.5, 10322, 0, 13.804, 71.0
2026-09-06 12:30:04, 89.3, 44.1, 990.4, 1673.3, 78.2, 10383, 0, 13.8, 99.1
2026-09-06 12:40:03, 88.4, 52.3, 990.3, 1654.5, 79.0, 10469, 0, 13.812, 71.9
2026-09-06 12:50:02, 88.4, 47.7, 990.4, 1675.3, 79.6, 10472, 0, 13.804, 83.5
2026-09-06 13:00:04, 88.4, 49.9, 990.4, 1599.4, 80.2, 10472, 0, 13.796, 105.1
2026-09-06 13:10:03, 89.4, 43.1, 990.2, 1641.7, 80.6, 10474, 0, 13.816, 68.6
2026-09-06 13:20:03, 90.4, 47.6, 990.1, 1587.9, 81.0, 9871, 0, 13.812, -1423.8
2026-09-06 13:30:04, 89.9, 45.1, 990.0, 1696.3, 81.5, 9524, 0, 13.796, 109.1
2026-09-06 13:40:03, 91.3, 44.3, 989.8, 1766.3, 81.8, 9956, 0, 13.816, 70.0
2026-09-06 13:50:03, 91.7, 45.0, 989.7, 1777.3, 82.1, 10512, 0, 13.776, 73.2
2026-09-06 14:00:03, 92.6, 45.3, 989.8, 786.9, 82.4, 10506, 0, 13.8, 78.1
2026-09-06 14:10:02, 92.6, 45.6, 989.8, 1944.3, 82.5, 10505, 0, 13.812, 67.6
2026-09-06 14:20:03, 92.8, 38.8, 989.7, 2176.9, 82.6, 10491, 0, 13.816, 66.8
2026-09-06 14:30:04, 93.7, 39.7, 989.5, 2287.0, 82.5, 10477, 0, 13.792, 110.0
2026-09-06 14:40:03, 93.9, 42.5, 989.5, 542.2, 82.3, 10477, 0, 13.812, -1630.5
2026-09-06 14:50:02, 94.8, 43.1, 989.4, 1413.8, 82.1, 10518, 0, 13.736, 81.3
2026-09-06 15:00:03, 93.8, 43.1, 989.4, 1364.2, 81.8, 10520, 0, 13.824, 113.0
2026-09-06 15:10:02, 93.3, 38.1, 989.3, 2647.6, 81.5, 10508, 0, 13.816, 70.6
2026-09-06 15:20:03, 89.6, 45.1, 989.3, 1262.5, 81.0, 10543, 0, 13.812, 71.8
2026-09-06 15:30:03, 91.1, 43.9, 989.2, -596.4, 80.8, 10567, 0, 14.216, 48.0
2026-09-06 15:40:03, 91.7, 40.2, 989.1, 1553.8, 80.5, 10565, 0, 13.956, -202.6
2026-09-06 15:50:03, 91.9, 40.1, 989.1, 1243.9, 80.2, 10561, 0, 13.76, 67.1
2026-09-06 16:00:04, 88.9, 43.5, 989.1, 191.1, 79.9, 10200, 0, 13.816, -1566.7
2026-09-06 16:10:03, 87.8, 42.4, 989.1, 962.9, 79.7, 10115, 0, 13.884, -190.2
2026-09-06 16:20:03, 89.0, 46.2, 989.1, 1956.3, 79.4, 10541, 0, 13.812, -1190.4
2026-09-06 16:30:04, 90.9, 45.4, 989.1, 2222.2, 79.4, 10539, 0, 13.82, 84.1
2026-09-06 16:40:03, 88.5, 38.0, 989.1, 1022.8, 79.1, 10539, 0, 13.756, 70.8
2026-09-06 16:50:03, 90.0, 44.8, 989.2, 2112.0, 78.9, 10539, 0, 14.176, 60.6
2026-09-06 17:00:04, 89.6, 37.4, 989.2, 1342.8, 78.9, 10554, 0, 13.832, 86.2
2026-09-06 17:10:02, 89.5, 42.2, 989.3, 1817.7, 78.8, 10545, 0, 13.816, 69.5
2026-09-06 17:20:02, 90.4, 38.4, 989.2, 1896.0, 78.7, 10544, 0, 13.82, 82.0
2026-09-06 17:30:04, 88.7, 37.3, 989.1, 1899.4, 78.6, 10556, 0, 13.8, 87.0
2026-09-06 17:40:02, 85.7, 44.9, 989.2, 861.5, 78.5, 10562, 0, 13.912, -55.3
2026-09-06 17:50:03, 87.1, 45.8, 989.1, 1336.9, 78.2, 10549, 0, 13.828, 68.8
2026-09-06 18:00:04, 87.4, 40.3, 989.2, 1532.7, 78.2, 10555, 0, 13.816, 86.4
2026-09-06 18:10:02, 86.1, 45.9, 989.2, 1240.8, 78.0, 10547, 0, 13.808, 70.4
2026-09-06 18:20:02, 86.4, 42.3, 989.2, 1142.6, 77.9, 10541, 0, 14.004, 65.7
2026-09-06 18:30:04, 86.0, 44.7, 989.2, 964.7, 77.8, 10555, 0, 13.796, 80.6
2026-09-06 18:40:02, 83.5, 42.6, 989.2, 847.0, 77.6, 9518, 0, 13.792, 70.7
2026-09-06 18:50:03, 83.4, 46.3, 989.1, 780.9, 77.5, 9795, 0, 13.828, 71.0
2026-09-06 19:00:04, 83.0, 45.2, 989.2, 657.7, 77.2, 9417, 0, 13.828, -92.2
2026-09-06 19:10:03, 82.1, 45.9, 989.3, 492.9, 77.1, 9702, 0, 13.908, 70.0
2026-09-06 19:20:03, 81.1, 47.0, 989.4, 399.0, 76.9, 9590, 0, 13.696, 6.2
2026-09-06 19:30:04, 79.2, 49.5, 989.3, 267.6, 76.7, 9632, 0, 13.412, 78.6
2026-09-06 19:40:02, 77.4, 51.6, 989.2, 174.6, 76.4, 9756, 0, 13.284, 67.8
2026-09-06 19:50:03, 75.8, 53.2, 989.2, 100.7, 76.3, 10084, 0, 13.16, 63.1
2026-09-06 20:00:03, 74.4, 54.3, 989.2, 36.9, 76.1, 10357, 0, 13.072, 85.7
2026-09-06 20:10:03, 73.2, 55.4, 989.2, 4.4, 75.9, 10043, 0, 13.048, 73.0
2026-09-06 20:20:02, 72.1, 56.1, 989.2, -1.1, 75.8, 10263, 0, 13.036, 85.2
2026-09-06 20:30:04, 71.5, 56.7, 989.2, -1.1, 75.5, 10069, 0, 13.028, 80.5
2026-09-06 20:40:02, 71.0, 56.6, 989.2, -1.1, 75.3, 10155, 0, 13.032, 75.7
2026-09-06 20:50:03, 70.7, 56.5, 989.4, -1.1, 75.1, 9706, 0, 13.036, 72.7
2026-09-06 21:00:04, 70.4, 57.2, 989.6, 4.1, 74.9, 9559, 0, 13.028, 79.7
2026-09-06 21:10:03, 70.2, 58.0, 989.6, 4.1, 74.8, 9813, 0, 13.036, 72.6
2026-09-06 21:20:03, 69.8, 57.4, 989.6, 4.1, 74.5, 9593, 0, 13.028, 80.9
2026-09-06 21:30:04, 69.6, 57.7, 989.9, -1.1, 74.3, 9632, 0, 13.016, 111.5
2026-09-06 21:40:03, 69.1, 58.6, 990.0, 4.1, 74.2, 9189, 0, 13.028, 72.5
2026-09-06 21:50:03, 68.7, 58.8, 990.0, 4.1, 74.1, 10129, 0, 13.028, 67.8
2026-09-06 22:00:04, 68.7, 60.0, 990.0, 4.1, 73.8, 10006, 0, 13.02, 82.5
2026-09-06 22:10:03, 68.7, 61.5, 990.3, 4.1, 73.7, 10102, 0, 13.028, 68.6
2026-09-06 22:20:03, 68.7, 59.8, 990.4, 4.1, 73.6, 10129, 0, 13.024, 71.8
2026-09-06 22:30:04, 68.8, 61.4, 990.8, 4.1, 73.4, 10139, 0, 13.016, 82.1
2026-09-06 22:40:03, 68.9, 60.8, 990.8, -1.1, 73.4, 10136, 0, 13.024, 72.7
2026-09-06 22:50:03, 68.8, 62.1, 990.9, -1.1, 73.2, 10123, 0, 13.02, 72.3
2026-09-06 23:00:04, 68.6, 61.7, 991.0, -1.1, 73.1, 10137, 0, 13.0, 111.2
2026-09-06 23:10:03, 68.4, 62.0, 991.2, -1.1, 73.0, 10114, 0, 13.016, 72.6
2026-09-06 23:20:02, 68.2, 64.0, 991.3, 4.1, 73.0, 10042, 0, 13.016, 68.7
2026-09-06 23:30:03, 68.0, 62.8, 991.4, -1.1, 72.8, 9994, 0, 13.008, 84.9
2026-09-06 23:40:02, 67.8, 62.5, 991.6, -1.1, 72.7, 9724, 0, 13.012, 71.7
2026-09-06 23:50:02, 67.5, 63.1, 991.8, -1.1, 72.6, 9753, 0, 13.004, 85.3
2026-09-07 00:00:04, 67.2, 63.2, 992.0, -1.1, 72.5, 9562, 0, 13.004, 85.2
2026-09-07 00:10:02, 66.7, 63.6, 991.7, -1.1, 72.4, 9548, 0, 13.008, 73.0
2026-09-07 00:20:02, 66.1, 64.5, 991.9, -3.5, 72.3, 9750, 0, 13.0, 85.3
2026-09-07 00:30:03, 65.8, 65.2, 991.8, -1.1, 72.2, 9784, 0, 12.992, 100.4
2026-09-07 00:40:03, 65.6, 65.2, 991.8, -1.1, 72.2, 9953, 0, 13.004, 69.5
2026-09-07 00:50:03, 65.6, 65.1, 991.7, -1.1, 71.9, 9997, 0, 13.0, 78.7
2026-09-07 01:00:03, 65.6, 64.4, 991.5, -1.1, 71.8, 10097, 0, 12.992, 87.0
2026-09-07 01:10:03, 65.8, 64.6, 991.5, -1.1, 71.8, 10155, 0, 12.996, 72.1
2026-09-07 01:20:03, 66.0, 63.7, 991.6, -1.1, 71.7, 10175, 0, 12.992, 67.1
2026-09-07 01:30:04, 65.9, 64.2, 991.7, -1.1, 71.6, 10194, 0, 12.976, 116.3
2026-09-07 01:40:03, 65.5, 64.4, 991.5, -1.1, 71.6, 10186, 0, 12.992, 75.9
2026-09-07 01:50:03, 65.2, 64.8, 991.4, -1.1, 71.5, 10228, 0, 12.988, 70.5
2026-09-07 02:00:04, 64.7, 65.6, 991.5, -1.1, 71.4, 10010, 0, 12.984, 80.0
2026-09-07 02:10:02, 64.2, 66.8, 991.5, -1.1, 71.2, 9430, 0, 12.988, 71.3
2026-09-07 02:20:03, 64.2, 65.6, 991.7, -1.1, 71.2, 10076, 0, 12.984, 75.2
2026-09-07 02:30:04, 63.9, 66.3, 991.8, -1.1, 71.0, 10104, 0, 12.976, 88.6
2026-09-07 02:40:02, 63.9, 66.2, 992.0, -1.1, 70.9, 10059, 0, 12.984, 72.3
2026-09-07 02:50:03, 63.6, 66.8, 991.6, -1.1, 70.8, 10110, 0, 12.984, 70.9
2026-09-07 03:00:04, 63.5, 67.0, 991.3, -1.1, 70.7, 10342, 0, 12.976, 89.0
2026-09-07 03:10:03, 63.3, 66.8, 991.2, -1.1, 70.6, 10308, 0, 12.976, 71.0
2026-09-07 03:20:02, 62.8, 67.5, 991.3, -1.1, 70.6, 10173, 0, 12.98, 76.1
2026-09-07 03:30:04, 62.4, 67.8, 991.4, -1.1, 70.5, 10244, 0, 12.96, 87.6
2026-09-07 03:40:03, 62.1, 68.1, 991.6, -1.1, 70.4, 9870, 0, 12.972, 72.0
2026-09-07 03:50:03, 62.1, 68.0, 991.6, -1.1, 70.2, 9569, 0, 12.972, 69.7
2026-09-07 04:00:04, 62.0, 68.8, 991.8, -1.1, 70.1, 9754, 0, 12.96, 89.1
2026-09-07 04:10:03, 62.3, 70.4, 991.9, -1.1, 70.0, 9680, 0, 12.968, 71.6
2026-09-07 04:20:02, 62.8, 68.7, 991.9, -1.1, 69.9, 9768, 0, 12.968, 69.0
2026-09-07 04:30:04, 62.8, 67.8, 992.1, -1.1, 69.9, 9802, 0, 12.96, 85.0
2026-09-07 04:40:03, 62.7, 67.6, 992.2, -1.1, 69.8, 9800, 0, 12.964, 72.3
2026-09-07 04:50:03, 62.4, 68.6, 992.3, -1.1, 69.7, 9809, 0, 12.96, 72.9
2026-09-07 05:00:04, 62.0, 69.0, 992.3, -1.1, 69.7, 9818, 0, 12.944, 100.9
2026-09-07 05:10:03, 61.7, 69.3, 992.3, -1.1, 69.6, 9866, 0, 12.96, 73.5
2026-09-07 05:20:03, 61.6, 70.4, 992.4, -1.1, 69.6, 9746, 0, 12.952, 70.5
2026-09-07 05:30:04, 61.4, 69.3, 992.5, -1.1, 69.5, 9780, 0, 12.948, 86.9
2026-09-07 05:40:03, 61.3, 69.3, 992.6, -1.1, 69.3, 9556, 0, 12.952, 72.3
2026-09-07 05:50:03, 61.2, 69.3, 992.5, -1.1, 69.2, 9728, 0, 12.948, 72.1
2026-09-07 06:00:04, 61.1, 69.6, 992.3, -1.1, 69.2, 9748, 0, 12.94, 84.0
2026-09-07 06:10:02, 61.1, 69.9, 992.3, -1.1, 69.2, 9694, 0, 12.944, 69.4
2026-09-07 06:20:03, 61.2, 70.1, 992.3, -1.1, 69.1, 9639, 0, 12.944, 69.4
2026-09-07 06:30:04, 61.1, 69.7, 992.5, -1.1, 69.0, 9687, 0, 12.932, 88.6
2026-09-07 06:40:03, 61.0, 69.7, 992.6, 1.5, 68.9, 9908, 0, 12.94, 67.9
2026-09-07 06:50:03, 61.0, 71.1, 992.6, 1.7, 68.9, 9944, 0, 12.936, 73.6
2026-09-07 07:00:04, 61.2, 69.9, 992.7, 30.2, 68.7, 9956, 0, 12.928, 88.5
2026-09-07 07:10:02, 61.2, 70.4, 992.9, 81.1, 68.7, 9946, 0, 12.936, 65.6
2026-09-07 07:20:03, 61.2, 69.3, 992.9, 154.6, 68.7, 9943, 0, 12.94, 71.8
2026-09-07 07:30:03, 61.3, 71.1, 993.0, 223.1, 68.6, 9952, 0, 12.96, 60.3
2026-09-07 07:40:03, 61.8, 68.9, 993.3, 239.9, 68.6, 9961, 0, 12.968, 50.4
2026-09-07 07:50:03, 62.0, 69.0, 993.3, 333.9, 68.5, 9976, 0, 12.968, 49.4
2026-09-07 08:00:04, 62.4, 69.1, 993.4, 421.1, 68.5, 9989, 0, 12.992, 30.7
2026-09-07 08:10:03, 63.0, 70.6, 993.5, 578.2, 68.5, 10032, 0, 13.036, 10.9
2026-09-07 08:20:03, 64.0, 68.7, 993.6, 1233.3, 68.3, 10038, 0, 13.072, 0.7
2026-09-07 08:30:04, 64.9, 71.2, 993.7, 667.2, 68.3, 10041, 0, 13.092, 21.7
2026-09-07 08:40:02, 66.3, 66.4, 993.9, 744.0, 68.3, 9711, 0, 13.256, -36.9
2026-09-07 08:50:03, 68.2, 64.9, 993.8, 821.9, 68.3, 9749, 0, 13.336, -56.6
2026-09-07 09:00:04, 70.2, 62.2, 993.8, 993.6, 68.3, 9704, 0, 13.46, -73.8
2026-09-07 09:10:03, 72.3, 59.9, 993.8, 1138.6, 68.3, 9705, 0, 13.648, -202.9
2026-09-07 09:20:03, 74.0, 57.3, 993.7, 1233.8, 68.3, 9916, 0, 13.716, -228.9
2026-09-07 09:30:03, 76.6, 53.7, 993.7, 1292.4, 68.5, 9967, 0, 13.784, -252.6
2026-09-07 09:40:03, 77.4, 52.6, 993.7, 1425.7, 68.5, 9676, 0, 14.54, -617.5
2026-09-07 09:50:02, 78.0, 52.2, 993.9, 1455.4, 68.5, 9680, 0, 14.552, -642.8
2026-09-07 10:00:03, 79.0, 52.7, 994.0, 3381.2, 68.5, 9562, 0, 14.544, 98.0
2026-09-07 10:10:02, 79.4, 53.0, 993.9, 1464.6, 68.6, 9529, 0, 14.368, 71.8
2026-09-07 10:20:02, 80.5, 51.5, 993.9, 486.9, 68.7, 9673, 0, 14.564, -713.3
2026-09-07 10:30:04, 79.5, 53.3, 993.9, 1510.4, 68.8, 9947, 0, 14.568, -730.7
2026-09-07 10:40:02, 79.8, 54.4, 993.9, 1513.0, 68.9, 9757, 0, 14.58, -767.5
2026-09-07 10:50:02, 80.1, 52.2, 994.0, 1534.7, 69.1, 9717, 0, 14.58, -783.4
2026-09-07 11:00:04, 82.0, 52.6, 994.1, 1579.0, 69.3, 9774, 0, 14.332, 82.3
2026-09-07 11:10:03, 82.7, 53.7, 994.2, 1588.2, 69.7, 10007, 0, 14.352, 68.2
2026-09-07 11:20:03, 84.3, 53.4, 994.0, 1636.4, 70.2, 9921, 0, 14.588, -818.2
2026-09-07 11:30:04, 84.9, 51.8, 994.0, -372.5, 71.3, 9692, 0, 14.584, -828.3
2026-09-07 11:40:03, 85.7, 46.9, 994.0, 1740.6, 72.0, 9419, 0, 13.896, 70.9
2026-09-07 11:50:03, 86.5, 49.5, 994.0, 1724.4, 73.2, 9720, 0, 13.808, 71.2
2026-09-07 12:00:04, 86.9, 48.4, 993.9, -317.3, 74.3, 9707, 0, 13.804, 85.8
2026-09-07 12:10:03, 86.8, 48.9, 994.0, 1780.0, 75.3, 9142, 0, 13.812, 77.1
2026-09-07 12:20:03, 88.3, 48.9, 994.0, 1771.1, 76.2, 9007, 0, 13.812, 75.3
2026-09-07 12:30:04, 88.5, 48.2, 993.9, 1781.0, 77.0, 8710, 0, 13.812, 82.2
2026-09-07 12:40:02, 89.5, 44.0, 994.0, 1503.9, 77.6, 8914, 0, 13.808, 71.1
2026-09-07 12:50:03, 89.6, 46.5, 993.8, 1665.8, 78.0, 8723, 0, 13.816, 75.2
2026-09-07 13:00:04, 90.5, 43.1, 993.5, 1674.9, 78.6, 8387, 0, 13.804, 81.9
2026-09-07 13:10:03, 91.2, 44.9, 993.3, 1685.2, 79.1, 7035, 0, 13.816, 72.1
2026-09-07 13:20:03, 92.2, 43.4, 993.2, 1710.7, 79.8, 7927, 0, 13.812, 71.7
2026-09-07 13:30:04, 92.8, 42.3, 993.0, 1731.1, 80.3, 7223, 0, 13.804, 88.3
2026-09-07 13:40:03, 93.0, 44.2, 993.0, 1749.7, 80.7, 8027, 0, 13.816, 72.2
2026-09-07 13:50:03, 92.7, 40.7, 992.9, 1907.3, 81.2, 7979, 0, 13.816, 68.3
2026-09-07 14:00:04, 92.9, 45.6, 993.0, 1809.7, 81.4, 7950, 0, 13.808, 87.1
2026-09-07 14:10:02, 92.6, 39.5, 993.2, 1896.8, 81.6, 8134, 0, 13.816, 70.7
2026-09-07 14:20:03, 93.3, 38.2, 993.2, 1837.5, 81.7, 8319, 0, 13.816, 67.9
2026-09-07 14:30:03, 92.9, 44.1, 993.3, 1658.8, 81.8, 8006, 0, 13.804, 87.6
2026-09-07 14:40:03, 94.6, 40.8, 993.3, 1859.3, 81.6, 457, 0, 13.824, 70.7
2026-09-07 14:50:03, 95.4, 42.5, 993.2, 1807.5, 81.6, 8821, 0, 13.808, 88.2
2026-09-07 15:00:03, 95.4, 34.9, 993.2, 1938.2, 81.5, 9292, 0, 13.808, 89.2
2026-09-07 15:10:03, 96.2, 42.6, 993.0, 1798.8, 81.3, 157, 0, 13.816, 75.3
2026-09-07 15:20:02, 95.4, 43.4, 992.9, 1785.9, 81.0, 9255, 0, 13.816, 70.8
2026-09-07 15:30:03, 95.7, 42.1, 993.0, -4609.7, 80.8, 9206, 0, 13.808, 85.7
2026-09-07 15:40:03, 95.5, 36.7, 993.1, 1719.9, 80.7, 9105, 0, 13.82, 71.6
2026-09-07 15:50:03, 94.6, 42.4, 993.0, 1662.1, 80.5, 147, 0, 14.008, 65.7
2026-09-07 16:00:04, 94.1, 45.5, 993.1, -1667.8, 80.3, 142, 0, 13.812, 85.7
2026-09-07 16:10:03, 94.7, 43.7, 993.1, 1688.2, 80.3, 140, 0, 13.816, 69.5
2026-09-07 16:20:02, 93.8, 41.5, 993.0, -185.4, 80.0, 135, 0, 13.828, -1121.2
2026-09-07 16:30:03, 93.9, 42.0, 992.9, 1696.4, 79.9, 135, 0, 13.808, 121.2
2026-09-07 16:40:03, 93.1, 39.5, 993.0, 1625.3, 79.8, 134, 0, 13.832, 67.6
2026-09-07 16:50:03, 93.4, 43.9, 993.1, 1709.2, 79.7, 131, 0, 13.824, 71.7
2026-09-07 17:00:04, 94.1, 39.8, 993.0, 1517.5, 79.7, 131, 0, 13.816, 86.1
2026-09-07 17:10:02, 91.1, 39.1, 993.0, 1008.1, 79.7, 124, 0, 13.956, -168.6
2026-09-07 17:20:03, 89.4, 41.2, 993.0, 1421.8, 79.5, 122, 0, 13.808, 68.3
2026-09-07 17:30:04, 88.7, 44.0, 992.9, -172.6, 79.4, 116, 0, 13.808, 101.3
2026-09-07 17:40:03, 89.5, 46.3, 992.8, 1432.6, 79.1, 117, 0, 14.036, -681.3
2026-09-07 17:50:03, 90.3, 45.4, 992.9, 1425.4, 79.1, 116, 0, 13.816, 71.3
2026-09-07 18:00:04, 90.1, 44.7, 992.9, 1340.4, 79.0, 116, 0, 13.812, 101.3
2026-09-07 18:10:03, 89.1, 45.7, 992.9, 1354.6, 79.0, 115, 0, 14.02, 67.3
2026-09-07 18:20:03, 89.1, 42.7, 992.9, 1235.4, 78.9, 114, 0, 13.844, 71.5
2026-09-07 18:30:04, 88.1, 43.7, 993.0, 1266.9, 78.8, 110, 0, 13.804, 85.8
2026-09-07 18:40:03, 87.2, 46.9, 992.9, 1136.4, 78.7, 121, 0, 13.856, 73.2
2026-09-07 18:50:03, 86.7, 46.5, 992.9, 923.0, 78.5, 120, 0, 13.852, 65.9
2026-09-07 19:00:04, 86.0, 48.4, 993.1, 782.9, 78.3, 6375, 0, 13.78, 76.3
2026-09-07 19:10:02, 85.2, 49.2, 993.2, 644.8, 78.2, 6474, 0, 13.856, 74.4
2026-09-07 19:20:02, 84.1, 49.9, 993.2, 471.2, 78.1, 126, 0, 13.812, -52.7
2026-09-07 19:30:03, 82.5, 51.0, 993.1, 327.4, 77.9, 126, 0, 13.504, 28.7
2026-09-07 19:40:03, 80.6, 52.4, 993.2, 190.1, 77.7, 119, 0, 13.356, 51.2
2026-09-07 19:50:03, 79.0, 53.7, 993.2, 73.3, 77.6, 126, 0, 13.196, 77.5
2026-09-07 20:00:03, 77.8, 54.7, 993.2, 46.2, 77.3, 119, 0, 13.1, 86.5
2026-09-07 20:10:03, 76.5, 55.4, 993.2, 1.5, 77.1, 107, 0, 13.072, 72.8
2026-09-07 20:20:03, 75.6, 56.2, 993.2, -1.1, 76.9, 121, 0, 13.06, 72.1
2026-09-07 20:30:04, 74.8, 56.8, 993.4, -1.1, 76.7, 125, 0, 13.036, 104.0
2026-09-07 20:40:03, 74.3, 57.0, 993.5, -1.1, 76.5, 126, 0, 13.056, 72.2
2026-09-07 20:50:03, 73.9, 57.7, 993.5, -1.1, 76.3, 123, 0, 13.048, 82.5
2026-09-07 21:00:04, 73.3, 57.6, 993.7, -1.1, 76.1, 124, 0, 13.028, 116.4
2026-09-07 21:10:03, 73.1, 57.8, 993.7, -1.1, 76.0, 125, 0, 13.048, 68.3
2026-09-07 21:20:03, 72.8, 59.3, 993.6, -1.1, 75.8, 130, 0, 13.044, 71.2
2026-09-07 21:30:04, 72.5, 59.6, 993.7, -1.1, 75.5, 131, 0, 13.032, 92.6
2026-09-07 21:40:03, 71.7, 60.2, 993.8, -3.5, 75.4, 130, 0, 13.044, 71.9
2026-09-07 21:50:03, 71.1, 60.7, 993.9, -1.1, 75.3, 127, 0, 13.048, 72.9
2026-09-07 22:00:04, 70.6, 61.4, 993.9, -1.1, 75.1, 123, 0, 13.036, 77.2
2026-09-07 22:10:02, 70.2, 61.7, 994.0, -1.1, 74.9, 130, 0, 13.036, 84.6
2026-09-07 22:20:02, 69.9, 61.9, 994.0, -1.1, 74.8, 125, 0, 13.04, 68.6
2026-09-07 22:30:03, 69.7, 61.9, 994.0, -1.1, 74.6, 125, 0, 13.032, 79.4
2026-09-07 22:40:02, 69.5, 62.4, 993.9, -1.1, 74.4, 131, 0, 13.036, 71.7
2026-09-07 22:50:03, 69.3, 62.8, 993.8, -1.1, 74.3, 131, 0, 13.036, 72.3
2026-09-07 23:00:04, 69.0, 63.0, 993.8, -1.1, 74.2, 124, 0, 13.024, 90.8
2026-09-07 23:10:03, 68.7, 62.8, 993.9, -1.1, 74.1, 127, 0, 13.028, 68.7
2026-09-07 23:20:03, 68.4, 63.0, 993.9, -1.1, 73.8, 133, 0, 13.028, 72.3
2026-09-07 23:30:04, 68.1, 63.7, 993.9, -1.1, 73.7, 132, 0, 13.02, 79.1
2026-09-07 23:40:03, 67.9, 63.9, 994.0, -1.1, 73.6, 130, 0, 13.024, 72.3
2026-09-07 23:50:03, 67.7, 64.2, 994.1, -1.1, 73.5, 126, 0, 13.016, 68.7
2026-09-08 00:00:04, 67.7, 64.1, 994.3, -1.1, 73.4, 124, 0, 13.008, 87.6
2026-09-08 00:10:03, 67.6, 64.4, 994.4, -1.1, 73.3, 120, 0, 13.004, 81.8
2026-09-08 00:20:03, 67.5, 66.5, 994.5, -1.1, 73.1, 124, 0, 13.004, 84.1
2026-09-08 00:30:04, 67.5, 64.3, 994.6, -1.1, 73.1, 124, 0, 12.996, 88.5
2026-09-08 00:40:03, 67.6, 66.5, 994.5, -1.1, 72.8, 125, 0, 13.004, 71.0
2026-09-08 00:50:03, 67.7, 65.1, 994.6, -1.1, 72.7, 126, 0, 13.004, 68.7
2026-09-08 01:00:04, 67.7, 63.7, 994.8, -1.1, 72.6, 126, 0, 12.992, 83.3
2026-09-08 01:10:03, 67.7, 64.8, 994.9, -1.1, 72.6, 126, 0, 12.996, 69.4
2026-09-08 01:20:03, 68.0, 65.7, 995.0, -1.1, 72.5, 127, 0, 12.996, 71.9
2026-09-08 01:30:04, 68.3, 64.2, 995.1, 4.1, 72.5, 128, 0, 12.988, 87.4
2026-09-08 01:40:02, 68.1, 64.5, 995.2, -1.1, 72.4, 129, 0, 12.984, 85.1
2026-09-08 01:50:03, 67.8, 64.0, 995.2, 4.1, 72.3, 129, 0, 12.988, 69.0
2026-09-08 02:00:04, 67.6, 64.3, 995.1, 4.1, 72.3, 129, 0, 12.98, 86.6
2026-09-08 02:10:02, 67.3, 68.2, 995.1, -1.1, 72.2, 129, 0, 12.984, 72.5
2026-09-08 02:20:02, 67.3, 66.2, 995.1, -1.1, 72.2, 131, 0, 12.984, 72.0
2026-09-08 02:30:04, 67.3, 67.7, 995.0, 4.1, 72.0, 132, 0, 12.976, 86.8
2026-09-08 02:40:03, 67.2, 66.1, 995.0, -1.1, 71.9, 132, 0, 12.98, 71.4
2026-09-08 02:50:03, 66.9, 71.0, 995.0, -1.1, 71.9, 132, 0, 12.98, 71.8
2026-09-08 03:00:04, 66.6, 66.9, 995.0, -1.1, 71.8, 132, 0, 12.968, 83.3
2026-09-08 03:10:03, 66.4, 66.7, 995.1, -1.1, 71.7, 132, 0, 12.976, 67.0
2026-09-08 03:20:03, 66.0, 67.2, 995.1, -1.1, 71.6, 131, 0, 12.972, 72.2
2026-09-08 03:30:04, 65.9, 68.4, 995.0, -1.1, 71.6, 120, 0, 12.96, 89.2
2026-09-08 03:40:02, 65.8, 71.7, 995.1, -1.1, 71.5, 124, 0, 12.964, 71.1
2026-09-08 03:50:02, 65.8, 68.2, 995.0, 4.1, 71.4, 126, 0, 12.964, 75.6
2026-09-08 04:00:03, 65.8, 68.7, 995.0, -1.1, 71.3, 126, 0, 12.952, 85.2
2026-09-08 04:10:03, 65.9, 68.1, 995.2, 4.1, 71.3, 127, 0, 12.96, 69.0
2026-09-08 04:20:02, 65.9, 74.9, 995.2, 4.1, 71.2, 125, 0, 12.956, 72.3
2026-09-08 04:30:03, 65.9, 71.0, 995.1, -1.1, 71.0, 126, 0, 12.936, 106.6
2026-09-08 04:40:03, 65.7, 76.6, 994.9, -1.1, 71.0, 125, 0, 12.948, 71.5
2026-09-08 04:50:03, 65.7, 69.4, 995.1, -1.1, 70.8, 126, 0, 12.948, 83.7
2026-09-08 05:00:04, 65.5, 70.2, 995.1, -1.1, 70.8, 127, 0, 12.936, 89.3
2026-09-08 05:10:03, 65.4, 68.5, 995.1, -1.1, 70.8, 128, 0, 12.944, 71.8
2026-09-08 05:20:03, 65.5, 68.6, 995.0, -1.1, 70.7, 129, 0, 12.94, 70.4
2026-09-08 05:30:04, 65.3, 71.7, 994.8, -1.1, 70.7, 129, 0, 12.932, 89.1
2026-09-08 05:40:03, 65.0, 69.5, 994.8, -1.1, 70.6, 130, 0, 12.936, 72.3
2026-09-08 05:50:02, 64.8, 74.0, 994.8, -1.1, 70.5, 130, 0, 12.936, 72.2
2026-09-08 06:00:04, 64.8, 70.9, 994.8, 4.1, 70.5, 127, 0, 12.916, 102.2
2026-09-08 06:10:03, 64.6, 73.6, 994.8, 4.1, 70.4, 124, 0, 12.928, 75.7
2026-09-08 06:20:03, 64.5, 70.8, 994.9, -1.1, 70.2, 121, 0, 12.924, 73.6
2026-09-08 06:30:04, 64.4, 75.4, 995.0, -1.1, 70.2, 118, 0, 12.904, 108.1
2026-09-08 06:40:03, 64.6, 71.7, 995.1, -1.1, 70.1, 123, 0, 12.924, 71.7
2026-09-08 06:50:02, 64.6, 73.6, 995.0, 1.5, 70.0, 124, 0, 12.916, 84.9
2026-09-08 07:00:04, 64.6, 71.4, 995.0, 10.6, 70.0, 125, 0, 12.912, 84.8
2026-09-08 07:10:02, 64.6, 71.4, 995.2, 72.3, 69.9, 126, 0, 12.92, 65.8
2026-09-08 07:20:02, 64.7, 71.7, 995.1, 175.8, 69.9, 126, 0, 12.936, 55.1
2026-09-08 07:30:04, 65.0, 70.9, 995.1, 304.5, 69.8, 128, 0, 12.96, 47.7
2026-09-08 07:40:03, 65.3, 73.5, 995.0, 418.8, 69.8, 128, 0, 12.992, 21.9
2026-09-08 07:50:03, 65.7, 74.9, 995.3, 513.1, 69.8, 127, 0, 13.044, -2.3
2026-09-08 08:00:04, 66.2, 70.8, 995.4, 571.9, 69.7, 128, 0, 13.072, 8.9
2026-09-08 08:10:03, 66.7, 69.5, 995.6, 631.7, 69.6, 128, 0, 13.112, -15.8
2026-09-08 08:20:02, 67.5, 68.9, 995.6, 1402.2, 69.6, 129, 0, 13.16, -26.1
2026-09-08 08:30:04, 68.1, 71.9, 995.6, 809.5, 69.6, 129, 0, 13.208, -18.6
2026-09-08 08:40:03, 69.8, 65.9, 995.6, 1093.6, 69.6, 130, 0, 13.5, -120.7
2026-09-08 08:50:03, 70.6, 67.0, 995.6, 1035.8, 69.7, 130, 0, 13.508, -117.6
2026-09-08 09:00:04, 71.6, 65.2, 995.8, 1377.7, 69.8, 131, 0, 13.592, -150.5
2026-09-08 09:10:02, 73.2, 62.7, 996.1, 2779.5, 69.8, 121, 0, 13.644, -140.5
2026-09-08 09:20:02, 72.9, 64.2, 996.4, 1820.0, 69.9, 126, 0, 13.632, -158.5
2026-09-08 09:30:04, 76.1, 59.8, 996.5, 2055.2, 69.9, 134, 0, 14.4, -621.3
2026-09-08 09:40:03, 79.3, 56.7, 996.6, 1484.3, 70.1, 132, 0, 13.728, -154.6
2026-09-08 09:50:03, 78.4, 59.0, 996.5, 1542.4, 70.4, 133, 0, 13.736, -143.1
2026-09-08 10:00:04, 77.1, 61.1, 996.7, 1991.2, 70.5, 136, 0, 14.548, -674.6
2026-09-08 10:10:03, 81.7, 55.1, 996.6, 1602.8, 70.6, 133, 0, 14.364, 68.1
2026-09-08 10:20:03, 83.6, 53.6, 996.7, 1645.5, 70.7, 135, 0, 14.348, 68.3
2026-09-08 10:30:04, 84.0, 54.1, 996.6, 379.0, 70.8, 140, 0, 14.548, -678.9
2026-09-08 10:40:02, 85.1, 54.6, 996.7, 1175.8, 71.0, 142, 0, 14.568, -731.1
2026-09-08 10:50:03, 86.0, 53.7, 996.7, 1740.7, 71.3, 145, 0, 14.4, -745.3
2026-09-08 11:00:03, 87.0, 53.4, 996.6, 1721.3, 71.6, 146, 0, 14.568, -736.6
2026-09-08 11:10:02, 88.1, 52.9, 996.6, 1808.7, 71.9, 153, 0, 14.596, -799.4
2026-09-08 11:20:03, 89.9, 51.4, 996.6, 1879.7, 72.7, 150, 0, 14.348, 64.6
2026-09-08 11:30:04, 90.6, 51.7, 996.6, 1927.1, 73.8, 152, 0, 14.336, 84.0
2026-09-08 11:40:03, 91.5, 51.7, 996.6, 1935.6, 74.8, 160, 0, 14.604, -854.5
2026-09-08 11:50:03, 92.1, 51.7, 996.4, 1982.2, 75.9, 152, 0, 14.0, 70.3
2026-09-08 12:00:03, 93.5, 50.4, 996.3, 2045.9, 77.0, 145, 0, 13.796, 108.4
2026-09-08 12:10:02, 94.3, 50.9, 996.3, 1746.2, 78.1, 145, 0, 13.8, 70.3
2026-09-08 12:20:03, 93.7, 51.7, 996.1, 1983.9, 78.9, 141, 0, 13.808, 67.5
2026-09-08 12:30:04, 92.2, 51.8, 996.1, 1968.4, 79.4, 137, 0, 14.128, -1057.8
2026-09-08 12:40:03, 93.4, 51.7, 996.0, 1970.0, 79.7, 142, 0, 14.164, 70.1
2026-09-08 12:50:03, 94.8, 51.7, 995.8, 1916.0, 80.5, 134, 0, 13.82, 71.3
2026-09-08 13:00:04, 96.4, 50.9, 995.6, 1915.8, 81.3, 138, 0, 14.188, -1284.5
2026-09-08 13:10:03, 97.4, 50.3, 995.5, 2182.5, 82.0, 133, 0, 13.816, 68.0
2026-09-08 13:20:03, 95.7, 49.0, 995.4, 2168.9, 82.6, 122, 0, 13.812, 71.3
2026-09-08 13:30:04, 95.8, 49.0, 995.3, 2729.4, 82.7, 129, 0, 13.8, -675.9
2026-09-08 13:40:03, 94.6, 51.7, 995.3, 457.0, 82.7, 120, 0, 13.996, -553.6
2026-09-08 13:50:03, 95.3, 47.8, 995.2, 1831.8, 82.5, 120, 0, 13.808, 84.7
2026-09-08 14:00:04, 97.6, 47.9, 995.2, 2852.1, 82.4, 132, 0, 13.796, 113.4
2026-09-08 14:10:03, 96.1, 46.7, 995.0, 2585.9, 82.5, 119, 0, 13.82, 74.1
2026-09-08 14:20:02, 99.4, 46.9, 995.0, 3424.8, 82.8, 121, 0, 13.808, 71.7
2026-09-08 14:30:04, 98.8, 46.3, 994.9, 1677.5, 83.2, 117, 0, 13.752, -283.5
2026-09-08 14:40:02, 98.5, 46.8, 994.9, 2187.7, 83.1, 118, 0, 13.844, -367.9
2026-09-08 14:50:03, 98.7, 46.8, 994.8, 3111.9, 83.1, 121, 0, 13.788, 72.4
2026-09-08 15:00:04, 96.4, 51.2, 994.7, 3101.8, 83.0, 116, 0, 13.804, 79.0
2026-09-08 15:10:02, 99.8, 42.7, 994.7, 938.5, 82.8, 114, 0, 13.82, 70.5
2026-09-08 15:20:03, 98.1, 46.0, 994.7, 2759.4, 82.7, 115, 0, 13.824, 71.8
2026-09-08 15:30:04, 99.7, 45.8, 994.5, -624.9, 82.6, 119, 0, 13.8, 107.9
2026-09-08 15:40:03, 97.2, 48.4, 994.6, 2644.7, 82.6, 116, 0, 13.844, 71.5
2026-09-08 15:50:03, 96.5, 49.0, 994.5, 2521.6, 82.5, 116, 0, 13.8, 72.3
2026-09-08 16:00:04, 95.2, 49.6, 994.5, -2802.1, 82.3, 114, 0, 13.8, 88.1
2026-09-08 16:10:03, 96.3, 47.9, 994.4, 2809.8, 82.2, 117, 0, 13.824, 70.4
2026-09-08 16:20:03, 97.9, 47.0, 994.2, 788.3, 82.1, 118, 0, 13.824, 72.4
2026-09-08 16:30:04, 98.7, 43.6, 994.1, 3564.6, 82.1, 120, 0, 13.8, 89.4
2026-09-08 16:40:02, 98.7, 46.7, 994.0, 3414.1, 82.2, 118, 0, 13.82, 67.2
2026-09-08 16:50:03, 97.7, 48.0, 994.0, 2697.9, 82.1, 119, 0, 13.808, 87.6
2026-09-08 17:00:04, 95.7, 47.9, 993.9, 2466.9, 82.1, 119, 0, 13.784, 80.2
2026-09-08 17:10:03, 93.6, 50.5, 993.8, 2164.7, 81.8, 120, 0, 13.812, -416.8
2026-09-08 17:20:03, 92.7, 51.4, 993.9, 1870.6, 81.8, 106, 0, 13.908, 69.6
2026-09-08 17:30:04, 91.1, 53.4, 993.8, 1731.2, 81.6, 118, 0, 13.856, -163.3
2026-09-08 17:40:03, 90.3, 53.3, 993.8, 1344.9, 81.5, 110, 0, 13.872, -161.8
2026-09-08 17:50:03, 89.4, 54.4, 993.9, 1818.5, 81.3, 110, 0, 13.884, 80.8
2026-09-08 18:00:04, 90.1, 53.6, 993.9, 1708.1, 81.2, 113, 0, 13.848, 91.9
2026-09-08 18:10:02, 89.8, 54.1, 993.8, 1665.6, 81.0, 111, 0, 13.892, -313.9
2026-09-08 18:20:02, 92.4, 51.2, 993.7, 2166.0, 80.9, 113, 0, 13.812, 68.0
2026-09-08 18:30:04, 92.6, 50.8, 993.7, 2055.3, 80.9, 113, 0, 13.796, 92.6
2026-09-08 18:40:03, 93.2, 49.9, 993.7, 1715.1, 80.9, 113, 0, 13.804, 74.3
2026-09-08 18:50:02, 92.1, 50.9, 993.7, 1424.9, 80.8, 112, 0, 13.976, -431.7
2026-09-08 19:00:04, 89.8, 53.6, 993.7, 2655.1, 80.7, 112, 0, 13.832, -73.9
2026-09-08 19:10:03, 88.2, 55.1, 993.7, 553.2, 80.6, 112, 0, 13.896, 70.5
2026-09-08 19:20:03, 87.0, 56.6, 993.7, 369.0, 80.4, 117, 0, 13.78, 65.8
2026-09-08 19:30:04, 86.2, 57.2, 993.6, 281.8, 80.3, 116, 0, 13.508, 21.2
2026-09-08 19:40:02, 85.0, 57.7, 993.7, 274.8, 80.2, 106, 0, 13.34, 55.4
2026-09-08 19:50:02, 83.8, 59.3, 993.5, 52.7, 80.0, 113, 0, 13.176, 72.8
2026-09-08 20:00:03, 82.7, 60.1, 993.5, 23.7, 79.8, 118, 0, 13.084, 80.2
2026-09-08 20:10:03, 82.1, 61.2, 993.4, 0.2, 79.6, 117, 0, 13.064, 73.3
2026-09-08 20:20:03, 81.4, 61.5, 993.4, -1.1, 79.5, 120, 0, 13.06, 79.1
2026-09-08 20:30:04, 81.0, 65.4, 993.5, -1.1, 79.4, 120, 0, 13.044, 107.7
2026-09-08 20:40:03, 80.5, 64.4, 993.5, 4.1, 79.1, 112, 0, 13.052, 70.6
2026-09-08 20:50:03, 80.3, 62.4, 993.6, 4.1, 79.0, 113, 0, 13.056, 72.6
2026-09-08 21:00:04, 79.8, 62.7, 993.7, 4.1, 78.8, 119, 0, 13.036, 109.7
2026-09-08 21:10:03, 79.4, 62.9, 993.8, 4.1, 78.7, 120, 0, 13.052, 78.8
2026-09-08 21:20:03, 79.2, 63.0, 994.0, -1.1, 78.6, 123, 0, 13.052, 71.8
2026-09-08 21:30:04, 79.2, 63.1, 994.1, 4.1, 78.5, 123, 0, 13.032, 124.2
2026-09-08 21:40:02, 78.8, 63.4, 994.2, 4.1, 78.3, 123, 0, 13.056, 72.8
2026-09-08 21:50:02, 78.6, 63.6, 994.2, 4.1, 78.2, 123, 0, 13.052, 70.4
2026-09-08 22:00:04, 78.2, 64.1, 994.2, 4.1, 78.1, 124, 0, 13.032, 108.1
2026-09-08 22:10:03, 77.8, 64.7, 994.3, 4.1, 78.0, 120, 0, 13.052, 71.9
2026-09-08 22:20:03, 77.5, 65.0, 994.3, 4.1, 77.9, 115, 0, 13.048, 71.8
2026-09-08 22:30:04, 77.2, 65.0, 994.3, 4.1, 77.7, 110, 0, 13.032, 106.8
2026-09-08 22:40:02, 77.0, 65.9, 994.2, 4.1, 77.6, 114, 0, 13.048, 72.6
2026-09-08 22:50:03, 76.8, 66.0, 994.2, 4.1, 77.5, 118, 0, 13.044, 73.4
2026-09-08 23:00:04, 76.7, 66.0, 994.1, 4.1, 77.5, 118, 0, 13.032, 80.0
2026-09-08 23:10:03, 76.2, 66.7, 994.1, 4.1, 77.3, 110, 0, 13.036, 85.6
2026-09-08 23:20:03, 75.7, 66.9, 994.2, 4.1, 77.2, 123, 0, 13.036, 74.5
2026-09-08 23:30:04, 75.4, 67.6, 994.2, 4.1, 77.1, 122, 0, 13.028, 81.1
2026-09-08 23:40:02, 75.1, 68.0, 994.2, 4.1, 77.0, 124, 0, 13.032, 71.9
2026-09-08 23:50:02, 74.9, 67.8, 994.2, 4.1, 76.9, 121, 0, 13.028, 72.5
2026-09-09 00:00:04, 74.7, 67.9, 994.2, 4.1, 76.8, 121, 0, 13.008, 123.7
2026-09-09 00:10:03, 74.4, 68.0, 994.3, 4.1, 76.7, 114, 0, 13.024, 66.9
2026-09-09 00:20:03, 74.3, 68.6, 994.3, 4.1, 76.5, 119, 0, 13.024, 72.6
2026-09-09 00:30:03, 74.2, 69.2, 994.4, 4.1, 76.4, 121, 0, 13.0, 135.3
2026-09-09 00:40:02, 74.2, 68.2, 994.3, 4.1, 76.4, 122, 0, 13.016, 72.4
2026-09-09 00:50:02, 74.7, 69.0, 994.4, 4.1, 76.3, 123, 0, 13.012, 72.1
2026-09-09 01:00:03, 75.3, 66.8, 994.5, 4.1, 76.2, 123, 0, 13.008, 88.7
2026-09-09 01:10:02, 75.3, 65.9, 994.7, 4.1, 76.1, 123, 0, 13.012, 72.8
2026-09-09 01:20:03, 75.2, 66.1, 994.6, 4.1, 76.1, 123, 0, 13.008, 72.8
2026-09-09 01:30:04, 75.1, 66.2, 994.5, 4.1, 76.0, 124, 0, 13.0, 87.5
2026-09-09 01:40:03, 75.1, 66.5, 994.5, 4.1, 75.9, 125, 0, 13.004, 68.2
2026-09-09 01:50:02, 74.9, 67.0, 994.4, 4.1, 75.9, 124, 0, 13.0, 69.6
2026-09-09 02:00:03, 74.7, 67.7, 994.3, 4.1, 75.8, 124, 0, 12.992, 85.5
2026-09-09 02:10:03, 74.8, 70.2, 994.2, 4.1, 75.8, 125, 0, 13.0, 72.5
2026-09-09 02:20:03, 75.1, 66.9, 994.2, 4.1, 75.7, 126, 0, 12.988, 81.6
2026-09-09 02:30:04, 75.4, 69.7, 994.2, 4.1, 75.5, 126, 0, 12.988, 84.6
2026-09-09 02:40:03, 75.7, 66.2, 994.0, -1.1, 75.5, 127, 0, 12.992, 83.8
2026-09-09 02:50:02, 75.8, 67.2, 993.9, -1.1, 75.5, 126, 0, 12.992, 73.0
2026-09-09 03:00:03, 75.8, 69.8, 993.9, 4.1, 75.4, 127, 0, 12.968, 104.3
2026-09-09 03:10:03, 75.8, 69.1, 993.9, 4.1, 75.4, 127, 0, 12.984, 73.1
2026-09-09 03:20:03, 75.7, 68.0, 993.9, 4.1, 75.3, 126, 0, 12.984, 72.8
2026-09-09 03:30:04, 75.6, 67.7, 993.8, 4.1, 75.2, 127, 0, 12.976, 81.1
2026-09-09 03:40:03, 75.5, 68.0, 993.7, 4.1, 75.2, 127, 0, 12.984, 72.5
2026-09-09 03:50:03, 75.3, 68.8, 993.6, 4.1, 75.2, 127, 0, 12.976, 70.6
2026-09-09 04:00:03, 75.3, 69.3, 993.5, 4.1, 75.2, 126, 0, 12.964, 97.1
2026-09-09 04:10:03, 75.2, 66.8, 993.5, 4.1, 75.1, 127, 0, 12.972, 72.0
2026-09-09 04:20:03, 75.2, 67.5, 993.5, 4.1, 75.1, 127, 0, 12.968, 75.5
2026-09-09 04:30:04, 75.1, 67.1, 993.4, 4.1, 75.0, 127, 0, 12.96, 84.5
2026-09-09 04:40:02, 75.1, 68.8, 993.6, 4.1, 75.0, 127, 0, 12.964, 73.3
2026-09-09 04:50:03, 75.0, 69.6, 993.7, -1.1, 74.9, 128, 0, 12.964, 67.9
2026-09-09 05:00:03, 74.9, 71.9, 993.7, 0.0, 74.9, 128, 0, 12.952, 85.2
2026-09-09 05:10:03, 74.9, 69.0, 993.7, 4.1, 74.8, 127, 0, 12.956, 72.5
2026-09-09 05:20:03, 74.9, 67.5, 993.6, 4.1, 74.8, 127, 0, 12.952, 76.0
2026-09-09 05:30:04, 74.9, 68.3, 993.6, 4.1, 74.8, 128, 0, 12.948, 87.1
2026-09-09 05:40:03, 75.0, 70.4, 993.7, 4.1, 74.6, 128, 0, 12.948, 67.4
2026-09-09 05:50:03, 75.2, 69.4, 993.7, 4.1, 74.6, 127, 0, 12.948, 73.3
2026-09-09 06:00:03, 75.1, 68.0, 993.7, 4.1, 74.6, 128, 0, 12.936, 87.7
2026-09-09 06:10:03, 75.1, 69.3, 993.7, 4.1, 74.5, 127, 0, 12.94, 74.5
2026-09-09 06:20:03, 75.1, 68.9, 993.6, -1.1, 74.5, 128, 0, 12.936, 73.0
2026-09-09 06:30:03, 74.9, 68.1, 993.5, -1.1, 74.4, 129, 0, 12.928, 87.1
2026-09-09 06:40:03, 74.8, 69.2, 993.6, -1.1, 74.4, 128, 0, 12.932, 73.0
2026-09-09 06:50:03, 74.7, 68.4, 993.6, 1.5, 74.4, 127, 0, 12.932, 72.9
2026-09-09 07:00:04, 74.6, 69.2, 993.7, 21.9, 74.4, 128, 0, 12.924, 80.6
2026-09-09 07:10:02, 74.6, 69.5, 993.6, 229.9, 74.3, 129, 0, 12.94, 56.0
2026-09-09 07:20:02, 74.8, 68.7, 993.7, 183.9, 74.3, 129, 0, 12.968, 39.8
2026-09-09 07:30:03, 75.2, 67.7, 993.8, 472.6, 74.3, 129, 0, 12.98, 32.0
2026-09-09 07:40:03, 75.7, 71.2, 993.9, 572.3, 74.2, 129, 0, 13.056, -13.4
2026-09-09 07:50:03, 76.4, 68.3, 994.0, 1420.5, 74.2, 130, 0, 13.124, -25.7
2026-09-09 08:00:04, 77.1, 66.1, 994.0, 717.9, 74.3, 131, 0, 13.212, -42.1
2026-09-09 08:10:03, 77.8, 65.9, 994.1, 936.1, 74.2, 129, 0, 13.288, -74.6
2026-09-09 08:20:03, 78.0, 65.5, 994.1, 933.3, 74.3, 129, 0, 13.364, -65.4
2026-09-09 08:30:03, 78.6, 67.3, 994.0, 1073.0, 74.4, 127, 0, 13.432, -74.2
2026-09-09 08:40:03, 79.3, 65.6, 994.2, 821.1, 74.3, 124, 0, 13.472, -62.9
2026-09-09 08:50:03, 79.7, 63.9, 994.1, 1370.2, 74.3, 127, 0, 13.604, -197.0
2026-09-09 09:00:04, 81.5, 62.8, 994.1, 1541.4, 74.4, 128, 0, 13.624, -187.4
2026-09-09 09:10:02, 81.7, 63.7, 994.1, 1432.6, 74.4, 129, 0, 13.676, -218.0
2026-09-09 09:20:03, 83.6, 60.0, 994.0, 1858.8, 74.4, 133, 0, 13.8, -365.7
2026-09-09 09:30:03, 86.1, 57.1, 994.0, 2308.6, 74.5, 134, 0, 14.08, -558.1
2026-09-09 09:40:03, 86.0, 57.4, 993.9, 1624.0, 74.6, 131, 0, 13.796, -213.8
2026-09-09 09:50:02, 87.6, 55.1, 993.8, 1915.0, 74.8, 132, 0, 14.56, -613.1
2026-09-09 10:00:03, 88.0, 55.0, 993.8, 1673.6, 74.8, 128, 0, 14.352, 111.2
2026-09-09 10:10:03, 87.5, 56.3, 993.8, 803.7, 74.9, 127, 0, 14.376, -251.1
2026-09-09 10:20:02, 87.9, 55.5, 993.7, 1826.5, 75.0, 127, 0, 14.572, -674.9
2026-09-09 10:30:03, 87.9, 55.5, 993.8, 1939.5, 75.0, 125, 0, 14.54, -656.9
2026-09-09 10:40:03, 88.1, 56.0, 993.7, 2068.1, 75.2, 123, 0, 14.592, -730.2
2026-09-09 10:50:03, 89.0, 55.1, 993.7, 1990.4, 75.3, 135, 0, 14.36, 68.4
2026-09-09 11:00:04, 89.5, 53.9, 993.7, 2064.0, 75.5, 134, 0, 14.34, 93.8
2026-09-09 11:10:02, 90.8, 52.4, 993.6, 2012.1, 75.9, 145, 0, 14.356, 73.4
2026-09-09 11:20:03, 92.1, 52.3, 993.6, 2052.6, 76.5, 140, 0, 14.36, 64.7
2026-09-09 11:30:04, 92.6, 51.0, 993.5, 2239.4, 77.3, 131, 0, 14.332, -779.4
2026-09-09 11:40:03, 93.4, 52.1, 993.4, 2098.4, 78.1, 136, 0, 13.928, 71.1
2026-09-09 11:50:03, 93.8, 50.8, 993.3, 2304.7, 79.0, 124, 0, 13.808, 75.2
2026-09-09 12:00:03, 95.0, 49.6, 993.2, 2183.9, 79.9, 136, 0, 13.808, 98.4
2026-09-09 12:10:02, 95.3, 48.8, 992.9, 2103.3, 80.7, 130, 0, 13.812, -939.1
2026-09-09 12:20:02, 95.7, 47.6, 992.8, 2086.2, 81.6, 122, 0, 13.808, 75.3
2026-09-09 12:30:04, 96.1, 48.9, 992.7, 2143.8, 82.4, 124, 0, 13.804, 83.0
2026-09-09 12:40:02, 97.5, 48.8, 992.4, 2205.8, 83.1, 122, 0, 13.812, 72.1
2026-09-09 12:50:03, 98.5, 46.6, 992.3, 2206.8, 83.9, 122, 0, 13.82, 84.5
2026-09-09 13:00:04, 98.4, 47.5, 992.1, 2812.3, 84.4, 114, 0, 13.8, 108.7
2026-09-09 13:10:03, 99.0, 47.2, 991.9, 2724.6, 84.9, 122, 0, 13.816, -1508.6
2026-09-09 13:20:03, 99.5, 45.2, 991.9, 1940.6, 85.4, 103, 0, 13.856, 68.9
2026-09-09 13:30:04, 99.7, 47.5, 991.8, 3001.7, 85.7, 108, 0, 13.792, 109.0
2026-09-09 13:40:03, 98.6, 44.9, 991.6, 1354.9, 86.0, 109, 0, 13.856, 72.1
2026-09-09 13:50:03, 97.5, 46.8, 991.5, 3430.5, 86.0, 99, 0, 13.816, 71.4
2026-09-09 14:00:04, 96.1, 47.1, 991.4, 2544.5, 85.9, 98, 0, 13.784, 97.9
2026-09-09 14:10:03, 98.0, 47.1, 991.4, 2764.4, 85.7, 100, 0, 13.82, 72.6
2026-09-09 14:20:02, 100.2, 43.7, 991.2, 2350.6, 85.8, 102, 0, 14.28, 66.7
2026-09-09 14:30:04, 98.6, 45.2, 991.0, 2567.6, 86.0, 99, 0, 13.808, 81.6
2026-09-09 14:40:02, 100.7, 44.0, 990.9, 2993.9, 86.0, 99, 0, 13.824, 72.1
2026-09-09 14:50:03, 101.5, 46.1, 990.7, 3044.5, 86.0, 102, 0, 13.816, 67.7
2026-09-09 15:00:04, 101.6, 39.6, 990.6, 2598.1, 86.1, 103, 0, 13.796, 88.2
2026-09-09 15:10:03, 97.9, 46.1, 990.4, 2228.8, 86.1, 97, 0, 14.036, -540.0
2026-09-09 15:20:03, 97.6, 45.1, 990.2, 2656.2, 85.8, 98, 0, 13.856, 67.8
2026-09-09 15:30:04, 97.8, 46.4, 990.1, 2463.2, 85.5, 100, 0, 13.856, 87.4
2026-09-09 15:40:03, 99.3, 43.8, 989.9, 3337.8, 85.2, 100, 0, 13.816, 83.5
2026-09-09 15:50:03, 100.0, 43.8, 989.9, 2211.2, 85.1, 100, 0, 14.016, -441.1
2026-09-09 16:00:04, 98.8, 44.9, 989.7, 2136.9, 85.0, 99, 0, 13.72, 104.0
2026-09-09 16:10:02, 99.7, 42.5, 989.4, 2945.1, 84.9, 100, 0, 13.824, 69.3
2026-09-09 16:20:02, 100.3, 40.8, 989.2, 1782.8, 84.8, 101, 0, 13.684, 74.4
2026-09-09 16:30:04, 98.6, 42.9, 988.9, 2067.4, 84.8, 99, 0, 13.872, 88.9
2026-09-09 16:40:03, 98.9, 38.9, 988.8, 2046.5, 84.7, 100, 0, 13.82, 68.4
2026-09-09 16:50:02, 99.3, 38.1, 988.7, 2341.6, 84.5, 98, 0, 13.856, 75.3
2026-09-09 17:00:03, 96.3, 43.1, 988.6, 2069.7, 84.4, 86, 0, 13.78, 105.0
2026-09-09 17:10:03, 97.3, 44.6, 988.5, 1971.3, 84.2, 93, 0, 13.804, 84.4
2026-09-09 17:20:03, 97.7, 41.6, 988.4, 2155.7, 84.1, 90, 0, 13.816, 71.5
2026-09-09 17:30:04, 97.7, 41.1, 988.3, 1591.4, 84.0, 91, 0, 13.832, 85.1
2026-09-09 17:40:03, 97.2, 42.0, 988.1, 1844.6, 83.9, 90, 0, 13.816, 71.6
2026-09-09 17:50:03, 96.9, 45.6, 988.2, 1707.4, 83.9, 90, 0, 13.82, 71.7
2026-09-09 18:00:04, 95.5, 45.8, 988.1, 1160.0, 83.6, 78, 0, 13.856, -54.2
2026-09-09 18:10:03, 92.5, 47.7, 988.2, 244.0, 83.5, 91, 0, 13.472, 35.0
2026-09-09 18:20:02, 90.7, 49.2, 988.0, 187.4, 83.3, 87, 0, 13.316, 53.6
2026-09-09 18:30:04, 90.2, 50.4, 987.9, 356.3, 83.1, 95, 0, 13.32, 8.7
2026-09-09 18:40:03, 90.0, 50.8, 988.0, 250.7, 82.8, 95, 0, 13.272, 51.2
2026-09-09 18:50:03, 89.8, 51.6, 987.9, 502.7, 82.6, 94, 0, 13.272, -6.6
2026-09-09 19:00:04, 89.5, 53.6, 987.7, 664.4, 82.5, 95, 0, 13.5, -28.8
2026-09-09 19:10:03, 89.1, 52.9, 987.6, 548.6, 82.4, 96, 0, 13.62, -89.5
2026-09-09 19:20:02, 89.1, 53.1, 987.6, 343.0, 82.3, 94, 0, 13.94, -26.1
2026-09-09 19:30:04, 88.1, 54.7, 987.3, 159.0, 82.1, 93, 0, 13.484, 53.2
2026-09-09 19:40:02, 87.0, 56.1, 987.2, 85.7, 82.0, 87, 0, 13.28, 83.9
2026-09-09 19:50:02, 86.4, 56.7, 986.9, 25.5, 81.7, 95, 0, 13.128, 73.0
2026-09-09 20:00:03, 85.8, 57.4, 986.8, 4.4, 81.5, 96, 0, 13.056, 86.1
2026-09-09 20:10:03, 85.5, 58.2, 986.7, -1.1, 81.3, 97, 0, 13.048, 86.7
2026-09-09 20:20:03, 85.0, 58.7, 986.4, -1.1, 81.3, 90, 0, 13.048, 68.1
2026-09-09 20:30:03, 84.7, 58.7, 986.1, 4.1, 81.0, 94, 0, 13.044, 85.9
2026-09-09 20:40:03, 84.6, 58.0, 985.9, 4.1, 80.9, 89, 0, 13.048, 75.9
2026-09-09 20:50:03, 84.5, 61.1, 986.2, -3.5, 80.7, 88, 0, 13.052, 67.6
2026-09-09 21:00:03, 84.4, 61.2, 987.5, 4.1, 80.6, 92, 0, 13.044, 81.0
2026-09-09 21:10:03, 78.9, 84.5, 988.1, 4.1, 80.4, 12452, 0, 13.048, 69.3
2026-09-09 21:20:02, 76.9, 84.7, 987.9, -1.1, 79.6, 11955, 1, 13.044, 84.9
2026-09-09 21:30:04, 76.8, 79.7, 988.0, -1.1, 79.2, 13023, 1, 13.04, 85.3
2026-09-09 21:40:03, 76.8, 75.2, 988.1, -1.1, 79.1, 13643, 0, 13.044, 75.8
2026-09-09 21:50:03, 76.9, 72.2, 988.4, 4.1, 79.1, 13336, 0, 13.04, 70.3
2026-09-09 22:00:03, 76.9, 72.4, 988.6, 4.1, 79.0, 13203, 0, 13.04, 83.0
2026-09-09 22:10:03, 77.0, 72.4, 988.5, -1.1, 79.0, 13100, 0, 13.032, 85.9
2026-09-09 22:20:03, 77.3, 71.8, 988.5, 4.1, 79.0, 13134, 0, 13.04, 73.6
2026-09-09 22:30:03, 77.3, 72.3, 988.8, -1.1, 79.0, 13094, 0, 13.032, 79.2
2026-09-09 22:40:03, 77.4, 72.2, 988.8, 4.1, 78.9, 13080, 0, 13.032, 76.6
2026-09-09 22:50:03, 77.5, 73.6, 988.8, 4.1, 78.9, 12948, 0, 13.032, 67.6
2026-09-09 23:00:03, 77.5, 73.7, 989.0, 4.1, 78.9, 12799, 0, 13.024, 85.4
2026-09-09 23:10:03, 77.2, 73.8, 989.3, 4.1, 78.8, 12747, 0, 13.028, 73.6
2026-09-09 23:20:03, 77.0, 73.0, 989.1, 4.1, 78.8, 12811, 0, 13.024, 76.5
2026-09-09 23:30:04, 76.7, 73.5, 988.8, -1.1, 78.8, 12792, 0, 13.02, 86.4
2026-09-09 23:40:03, 76.6, 74.7, 988.8, 4.1, 78.7, 12330, 0, 13.024, 68.5
2026-09-09 23:50:03, 76.6, 75.4, 988.8, 4.1, 78.7, 12469, 0, 13.024, 86.6
2026-09-10 00:00:03, 76.2, 73.5, 989.0, 4.1, 78.7, 12403, 0, 13.004, 104.7
2026-09-10 00:10:02, 75.9, 73.8, 988.9, 4.1, 78.6, 12508, 0, 13.016, 70.1
2026-09-10 00:20:03, 75.7, 74.1, 989.0, 4.1, 78.5, 12295, 0, 13.008, 85.6
2026-09-10 00:30:04, 75.9, 79.0, 989.2, 4.1, 78.3, 12141, 0, 13.008, 82.6
2026-09-10 00:40:02, 75.9, 75.0, 989.3, 4.1, 78.2, 11710, 0, 13.012, 72.9
2026-09-10 00:50:02, 75.7, 75.0, 989.2, 4.1, 78.2, 11244, 0, 13.012, 73.2
2026-09-10 01:00:03, 75.5, 75.0, 989.1, 4.1, 78.2, 10583, 0, 13.004, 88.2
2026-09-10 01:10:03, 75.4, 75.4, 989.2, 4.1, 78.1, 10154, 0, 13.004, 72.9
2026-09-10 01:20:03, 75.3, 76.9, 989.1, 4.1, 78.0, 9346, 0, 13.0, 76.6
2026-09-10 01:30:04, 75.2, 75.4, 989.1, 4.1, 78.0, 9462, 0, 12.988, 108.9
2026-09-10 01:40:03, 75.3, 75.6, 989.1, 4.1, 77.9, 8786, 0, 13.0, 72.3
2026-09-10 01:50:03, 75.5, 75.8, 989.1, 4.1, 77.9, 8949, 0, 13.0, 72.7
2026-09-10 02:00:04, 75.4, 75.5, 989.2, 4.1, 77.8, 8975, 0, 12.984, 99.9
2026-09-10 02:10:03, 75.3, 75.8, 989.2, 4.1, 77.8, 8983, 0, 12.996, 73.6
2026-09-10 02:20:03, 75.1, 76.7, 989.1, 4.1, 77.7, 8999, 0, 12.992, 67.8
2026-09-10 02:30:04, 74.9, 76.2, 989.0, 4.1, 77.7, 8899, 0, 12.98, 77.9
2026-09-10 02:40:02, 74.8, 76.6, 988.9, 4.1, 77.6, 8967, 0, 12.984, 81.5
2026-09-10 02:50:02, 74.7, 76.5, 989.0, 4.1, 77.6, 8913, 0, 12.984, 69.3
2026-09-10 03:00:03, 74.5, 77.0, 989.1, 4.1, 77.5, 9018, 0, 12.98, 88.6
2026-09-10 03:10:03, 74.4, 77.7, 989.3, 4.1, 77.5, 9059, 0, 12.976, 82.5
2026-09-10 03:20:03, 74.5, 77.4, 989.2, 4.1, 77.3, 9038, 0, 12.976, 73.0
2026-09-10 03:30:04, 74.5, 77.1, 989.3, 4.1, 77.3, 9211, 0, 12.964, 89.3
2026-09-10 03:40:03, 74.4, 77.4, 989.3, 4.1, 77.2, 9243, 0, 12.972, 73.5
2026-09-10 03:50:02, 74.0, 78.1, 989.3, 4.1, 77.2, 9268, 0, 12.964, 90.8
2026-09-10 04:00:03, 73.9, 78.3, 989.3, 4.1, 77.1, 9550, 0, 12.96, 83.7
2026-09-10 04:10:03, 73.9, 79.1, 989.2, 4.1, 77.1, 9608, 0, 12.964, 72.6
2026-09-10 04:20:03, 73.6, 78.7, 989.1, 4.1, 77.0, 9266, 0, 12.952, 82.7
2026-09-10 04:30:04, 73.3, 80.3, 989.1, 4.1, 77.0, 9546, 0, 12.948, 89.3
2026-09-10 04:40:02, 73.0, 79.3, 989.1, 4.1, 76.9, 9482, 0, 12.948, 76.4
2026-09-10 04:50:02, 73.1, 81.2, 989.2, 4.1, 76.8, 9563, 0, 12.948, 73.2
2026-09-10 05:00:03, 73.0, 79.5, 989.1, 4.1, 76.8, 9720, 0, 12.928, 109.4
2026-09-10 05:10:02, 73.1, 82.8, 989.1, 4.1, 76.7, 9770, 0, 12.936, 86.0
2026-09-10 05:20:02, 73.2, 80.3, 989.2, 4.1, 76.7, 9749, 0, 12.936, 76.6
2026-09-10 05:30:04, 73.3, 81.4, 989.1, 4.1, 76.5, 9740, 0, 12.928, 88.0
2026-09-10 05:40:03, 73.4, 81.4, 988.9, 4.1, 76.5, 9799, 0, 12.932, 73.4
2026-09-10 05:50:03, 73.4, 79.1, 988.9, 4.1, 76.4, 9906, 0, 12.928, 71.7
2026-09-10 06:00:04, 73.3, 82.1, 989.2, 4.1, 76.4, 9889, 0, 12.908, 105.4
2026-09-10 06:10:03, 73.1, 83.1, 989.6, 4.1, 76.4, 9887, 0, 12.916, 89.6
2026-09-10 06:20:03, 73.1, 80.1, 989.6, 4.1, 76.3, 9902, 0, 12.92, 72.2
2026-09-10 06:30:04, 73.1, 80.1, 989.5, -1.1, 76.3, 9950, 0, 12.904, 95.8
2026-09-10 06:40:03, 73.1, 80.7, 989.6, -1.1, 76.3, 9947, 0, 12.916, 73.1
2026-09-10 06:50:02, 73.0, 82.0, 989.4, 1.5, 76.2, 9941, 0, 12.904, 86.3
2026-09-10 07:00:03, 72.8, 80.9, 989.3, 26.3, 76.2, 9979, 0, 12.904, 82.6
2026-09-10 07:10:03, 72.7, 80.3, 989.5, 21.7, 76.1, 9590, 0, 12.904, 76.7
2026-09-10 07:20:02, 72.7, 80.2, 989.4, 53.2, 76.1, 9676, 0, 12.9, 84.2
2026-09-10 07:30:04, 72.7, 83.1, 989.5, 88.0, 76.1, 9701, 0, 12.904, 80.0
2026-09-10 07:40:02, 72.7, 82.0, 989.5, 148.5, 76.0, 9646, 0, 12.908, 75.1
2026-09-10 07:50:02, 72.9, 81.6, 989.5, 308.8, 76.0, 9739, 0, 12.964, 18.1
2026-09-10 08:00:04, 73.3, 80.5, 989.7, 545.9, 76.0, 9804, 0, 13.052, -9.8
2026-09-10 08:10:03, 74.2, 79.8, 989.8, 996.3, 75.9, 9795, 0, 13.268, -132.1
2026-09-10 08:20:03, 75.6, 76.9, 989.5, 1777.2, 75.9, 9919, 0, 13.58, -224.6
2026-09-10 08:30:03, 75.9, 77.2, 989.8, 787.9, 75.9, 10023, 0, 13.516, -72.0
2026-09-10 08:40:03, 75.3, 79.3, 989.9, 595.4, 76.0, 9985, 0, 13.484, -56.7
2026-09-10 08:50:03, 75.0, 80.0, 990.1, 673.5, 75.9, 10095, 0, 13.46, -52.2
2026-09-10 09:00:04, 75.2, 79.7, 990.3, 1029.5, 76.0, 10067, 0, 13.56, -144.1
2026-09-10 09:10:03, 76.2, 78.4, 990.4, 728.0, 75.9, 10017, 0, 13.568, -85.0
2026-09-10 09:20:03, 75.5, 79.8, 990.4, 497.8, 75.9, 9964, 0, 13.448, -12.8
2026-09-10 09:30:04, 75.0, 79.0, 990.4, 786.6, 75.9, 9964, 0, 13.448, -18.6
2026-09-10 09:40:03, 75.2, 79.6, 990.2, 1011.0, 76.0, 9953, 0, 13.504, -76.8
2026-09-10 09:50:03, 75.9, 80.5, 990.2, 1330.9, 75.9, 9946, 0, 13.6, -138.3
2026-09-10 10:00:04, 75.9, 80.9, 990.5, 897.6, 76.0, 9949, 0, 13.56, -67.4
2026-09-10 10:10:03, 75.9, 78.0, 990.2, 1129.8, 75.9, 9944, 0, 13.624, -157.8
2026-09-10 10:20:03, 76.2, 80.5, 990.4, 1008.7, 76.0, 9946, 0, 13.612, -98.2
2026-09-10 10:30:04, 76.2, 79.1, 990.4, 2551.8, 76.0, 9948, 0, 13.68, -185.5
2026-09-10 10:40:03, 77.5, 76.1, 989.6, 1714.1, 76.0, 9728, 0, 13.828, -296.2
2026-09-10 10:50:03, 77.8, 76.2, 989.6, 1059.2, 76.1, 9886, 0, 13.668, -131.5
2026-09-10 11:00:04, 77.4, 76.3, 990.2, 2027.3, 76.0, 9909, 0, 13.688, -123.4
2026-09-10 11:10:03, 77.2, 76.3, 990.1, 1666.9, 76.1, 9902, 0, 13.8, -238.5
2026-09-10 11:20:03, 78.3, 75.1, 990.2, 2178.9, 76.1, 9641, 0, 13.904, -262.8
2026-09-10 11:30:03, 78.9, 74.6, 990.1, 2167.1, 76.2, 9665, 0, 13.928, -234.6
2026-09-10 11:40:02, 79.2, 74.5, 990.0, 2283.7, 76.2, 9572, 0, 14.424, -308.8
2026-09-10 11:50:03, 78.8, 75.3, 990.0, 1918.6, 76.2, 9647, 0, 14.248, -258.8
2026-09-10 12:00:04, 79.9, 73.7, 990.1, 2577.7, 76.3, 10052, 0, 14.532, -370.8
2026-09-10 12:10:03, 81.9, 70.7, 990.0, 3074.4, 76.3, 10144, 0, 14.412, 68.9
2026-09-10 12:20:03, 82.6, 69.9, 990.0, 3056.7, 76.4, 10160, 0, 14.388, 69.4
2026-09-10 12:30:03, 84.8, 65.7, 990.0, 2529.4, 76.5, 9343, 0, 14.444, -421.1
2026-09-10 12:40:03, 86.6, 66.0, 990.0, 1840.7, 76.9, 10336, 0, 14.404, -547.9
2026-09-10 12:50:03, 89.1, 63.5, 989.9, 3161.3, 77.5, 9714, 0, 14.556, -656.5
2026-09-10 13:00:04, 86.7, 62.9, 989.8, 2575.5, 77.8, 9815, 0, 14.488, 104.2
2026-09-10 13:10:03, 87.4, 66.2, 989.8, 3407.9, 77.9, 9735, 0, 14.352, 69.7
2026-09-10 13:20:03, 88.6, 66.2, 989.6, 2553.4, 78.0, 9795, 0, 14.596, -46.1
2026-09-10 13:30:04, 89.0, 62.9, 989.9, 2776.0, 78.3, 9750, 0, 14.576, 96.9
2026-09-10 13:40:02, 86.5, 63.0, 989.8, 2286.4, 78.6, 9755, 0, 14.416, -378.3
2026-09-10 13:50:03, 86.3, 61.8, 989.5, 2789.9, 78.6, 9930, 0, 14.008, -620.2
2026-09-10 14:00:04, 87.6, 60.8, 989.5, 2795.0, 78.5, 9976, 0, 13.804, 80.4
2026-09-10 14:10:03, 87.5, 56.5, 989.4, 2673.7, 78.6, 9983, 0, 13.812, 69.0
2026-09-10 14:20:02, 87.3, 58.6, 989.4, 2754.7, 78.6, 9981, 0, 13.812, 72.9
2026-09-10 14:30:04, 88.5, 59.5, 989.3, 2910.3, 78.6, 9991, 0, 13.812, 80.1
2026-09-10 14:40:03, 89.0, 61.1, 989.2, 2862.7, 78.6, 9984, 0, 13.968, 68.1
2026-09-10 14:50:03, 88.8, 58.0, 989.1, 2630.8, 78.6, 9979, 0, 13.808, 70.1
2026-09-10 15:00:04, 87.3, 62.6, 989.0, 1987.8, 78.6, 9999, 0, 13.816, 87.5
2026-09-10 15:10:03, 86.9, 59.0, 989.0, 2194.9, 78.5, 10049, 0, 13.928, -283.5
2026-09-10 15:20:03, 86.7, 62.8, 988.7, 2170.1, 78.5, 10198, 0, 13.852, 67.5
2026-09-10 15:30:04, 87.2, 62.5, 988.6, 1610.0, 78.3, 10241, 0, 13.832, 86.8
2026-09-10 15:40:02, 89.2, 60.4, 988.4, 2178.7, 78.5, 10244, 0, 13.856, 71.8
2026-09-10 15:50:02, 89.3, 58.8, 988.3, 2936.0, 78.5, 10239, 0, 13.812, 71.8
2026-09-10 16:00:04, 89.9, 57.5, 988.2, 2917.7, 78.5, 10270, 0, 13.812, -517.4
2026-09-10 16:10:02, 89.7, 56.2, 988.1, 2731.2, 78.6, 10288, 0, 13.848, 71.2
2026-09-10 16:20:02, 89.4, 57.2, 988.0, 2585.4, 78.6, 10290, 0, 13.848, 71.7
2026-09-10 16:30:03, 89.2, 58.0, 987.9, 2299.3, 78.6, 10305, 0, 13.94, 74.4
2026-09-10 16:40:03, 89.1, 58.0, 987.6, 1555.5, 78.6, 10295, 0, 13.968, 82.9
2026-09-10 16:50:03, 88.9, 59.9, 987.6, 2037.2, 78.7, 10290, 0, 13.808, 72.5
2026-09-10 17:00:03, 88.8, 58.0, 987.6, 1836.8, 78.7, 10297, 0, 13.808, 86.9
2026-09-10 17:10:03, 87.3, 60.4, 987.5, 1210.3, 78.7, 10289, 0, 13.804, 67.7
2026-09-10 17:20:03, 86.4, 61.9, 987.4, 1223.8, 78.7, 9383, 0, 13.972, -147.9
2026-09-10 17:30:04, 86.0, 62.3, 987.2, 1195.6, 78.7, 9587, 0, 13.816, 79.8
2026-09-10 17:40:03, 85.1, 63.2, 987.2, 900.0, 78.6, 10042, 0, 13.808, 75.1
2026-09-10 17:50:03, 84.1, 65.5, 987.2, 613.1, 78.5, 9788, 0, 13.816, -28.3
2026-09-10 18:00:03, 83.4, 66.4, 987.3, 478.3, 78.5, 10023, 0, 13.844, 4.6
2026-09-10 18:10:03, 82.2, 67.5, 987.2, 364.9, 78.3, 9515, 0, 13.592, 0.2
2026-09-10 18:20:02, 81.4, 68.5, 987.3, 346.3, 78.3, 9688, 0, 13.516, 22.0
2026-09-10 18:30:03, 80.8, 69.7, 987.2, 318.1, 78.2, 10083, 0, 13.444, 66.0
2026-09-10 18:40:03, 79.6, 71.7, 987.2, 95.6, 78.1, 10147, 0, 13.308, 56.9
2026-09-10 18:50:03, 76.9, 76.3, 987.9, 90.7, 78.0, 9573, 0, 13.16, 76.7
2026-09-10 19:00:04, 73.6, 78.0, 987.8, 194.7, 77.9, 9407, 0, 13.112, 52.0
2026-09-10 19:10:03, 72.4, 79.4, 987.8, 178.5, 77.6, 9578, 0, 13.152, 14.0
2026-09-10 19:20:02, 72.5, 79.8, 987.8, 98.1, 77.3, 9712, 1, 13.184, 48.7
2026-09-10 19:30:04, 72.2, 78.2, 987.7, 37.7, 77.3, 9700, 0, 13.088, 76.3
2026-09-10 19:40:03, 72.0, 83.5, 987.8, 10.3, 77.1, 9584, 0, 13.048, 76.0
2026-09-10 19:50:03, 71.7, 78.9, 987.8, 4.1, 77.0, 9728, 0, 13.04, 72.7
2026-09-10 20:00:04, 71.5, 78.8, 987.7, 0.2, 76.9, 9956, 0, 13.02, 116.4
2026-09-10 20:10:02, 71.2, 78.8, 987.7, -1.1, 76.8, 9835, 0, 13.036, 73.3
2026-09-10 20:20:02, 70.9, 78.9, 987.7, -1.1, 76.7, 9486, 0, 13.036, 69.8
2026-09-10 20:30:04, 70.9, 79.4, 987.9, -1.1, 76.5, 9676, 0, 13.02, 109.1
2026-09-10 20:40:03, 70.8, 79.1, 988.0, 4.1, 76.4, 9815, 0, 13.04, 68.0
2026-09-10 20:50:03, 70.6, 78.8, 988.2, 4.1, 76.3, 9738, 0, 13.04, 84.5
2026-09-10 21:00:03, 70.4, 78.9, 988.3, 4.1, 76.3, 9458, 1, 13.02, 119.5
2026-09-10 21:10:03, 70.5, 79.1, 988.3, 4.1, 76.2, 9487, 0, 13.036, 76.9
2026-09-10 21:20:03, 70.3, 79.4, 988.5, 4.1, 76.1, 9586, 0, 13.04, 72.2
2026-09-10 21:30:04, 70.3, 79.3, 988.7, 4.1, 76.1, 9712, 0, 13.028, 81.6
2026-09-10 21:40:02, 70.1, 79.8, 988.8, 4.1, 75.9, 9678, 0, 13.028, 87.5
2026-09-10 21:50:02, 70.1, 79.5, 988.7, 4.1, 75.9, 9484, 0, 13.032, 82.2
2026-09-10 22:00:03, 70.1, 80.3, 988.9, 4.1, 75.8, 9672, 1, 13.016, 117.0
2026-09-10 22:10:03, 70.3, 79.7, 989.0, 4.1, 75.7, 9707, 0, 13.032, 72.1
2026-09-10 22:20:03, 70.4, 80.4, 989.0, 4.1, 75.7, 9746, 0, 13.032, 72.7
2026-09-10 22:30:04, 70.4, 79.8, 989.1, 4.1, 75.5, 9688, 1, 13.024, 86.2
2026-09-10 22:40:03, 70.4, 80.2, 988.9, 4.1, 75.4, 9697, 1, 13.028, 70.6
2026-09-10 22:50:03, 70.3, 80.3, 989.0, 4.1, 75.4, 9730, 0, 13.024, 76.4
2026-09-10 23:00:03, 70.2, 80.0, 989.1, 4.1, 75.4, 9747, 0, 13.008, 112.2
2026-09-10 23:10:03, 70.2, 80.2, 989.1, 4.1, 75.3, 9735, 0, 13.02, 75.9
2026-09-10 23:20:03, 70.2, 80.5, 989.1, 4.1, 75.3, 9702, 1, 13.02, 76.6
2026-09-10 23:30:04, 70.3, 81.0, 989.1, 4.1, 75.2, 9691, 1, 13.008, 87.7
2026-09-10 23:40:02, 70.4, 81.8, 989.3, 4.1, 75.2, 9630, 1, 13.016, 68.3
2026-09-10 23:50:02, 70.4, 80.8, 989.3, 4.1, 75.1, 9601, 1, 13.012, 79.8
2026-09-11 00:00:04, 70.4, 80.7, 989.4, 4.1, 75.0, 9603, 1, 12.996, 118.2
2026-09-11 00:10:02, 70.4, 81.7, 989.5, 4.1, 75.0, 9584, 1, 13.008, 85.8
2026-09-11 00:20:03, 70.2, 79.1, 989.5, 4.1, 75.0, 9588, 1, 13.008, 73.3
2026-09-11 00:30:03, 69.4, 81.0, 989.4, 4.1, 74.9, 9701, 1, 13.004, 87.9
2026-09-11 00:40:03, 68.4, 81.8, 989.5, 4.1, 74.9, 10188, 1, 13.004, 71.3
2026-09-11 00:50:03, 67.6, 81.1, 989.5, 4.1, 74.8, 9606, 0, 13.0, 75.1
2026-09-11 01:00:04, 67.1, 82.1, 989.5, 4.1, 74.6, 9496, 0, 12.988, 107.4
2026-09-11 01:10:02, 67.2, 82.7, 989.5, 4.1, 74.5, 9841, 0, 13.0, 72.3
2026-09-11 01:20:03, 67.3, 82.4, 989.5, 4.1, 74.4, 9926, 0, 12.996, 72.8
2026-09-11 01:30:03, 67.4, 82.3, 989.5, 4.1, 74.4, 11865, 1, 12.98, 85.2
2026-09-11 01:40:03, 67.4, 82.4, 989.6, 4.1, 74.3, 11762, 0, 12.988, 68.9
2026-09-11 01:50:03, 67.5, 82.4, 989.7, 4.1, 74.2, 13311, 1, 12.984, 68.7
2026-09-11 02:00:03, 67.5, 86.5, 989.6, 4.1, 74.2, 12130, 1, 12.972, 85.2
2026-09-11 02:10:03, 67.5, 85.4, 989.5, 4.1, 74.1, 11488, 1, 12.98, 72.1
2026-09-11 02:20:02, 67.3, 85.3, 989.4, 4.1, 74.0, 11002, 0, 12.976, 69.0
2026-09-11 02:30:04, 67.0, 83.1, 989.5, 4.1, 73.8, 10690, 1, 12.968, 86.6
2026-09-11 02:40:03, 66.9, 83.4, 989.4, 4.1, 73.8, 10209, 1, 12.972, 70.7
2026-09-11 02:50:02, 66.9, 83.2, 989.3, 4.1, 73.7, 10212, 1, 12.968, 72.8
2026-09-11 03:00:04, 66.9, 84.1, 989.2, 4.1, 73.6, 9987, 1, 12.956, 82.8
2026-09-11 03:10:02, 66.9, 83.2, 989.2, 4.1, 73.6, 9909, 1, 12.96, 70.1
2026-09-11 03:20:03, 66.8, 83.2, 989.1, 4.1, 73.5, 9843, 1, 12.952, 85.3
2026-09-11 03:30:04, 66.8, 83.6, 989.1, 4.1, 73.4, 9799, 1, 12.94, 103.2
2026-09-11 03:40:02, 66.8, 83.9, 989.2, -1.1, 73.4, 9806, 1, 12.948, 74.5
2026-09-11 03:50:03, 66.9, 84.1, 989.2, 4.1, 73.3, 9957, 1, 12.944, 71.7
2026-09-11 04:00:04, 66.9, 84.1, 989.4, 4.1, 73.3, 10018, 1, 12.924, 112.5
2026-09-11 04:10:03, 66.7, 84.0, 989.4, 4.1, 73.2, 10034, 1, 12.936, 76.3
2026-09-11 04:20:02, 66.6, 83.8, 989.3, 4.1, 73.2, 10019, 1, 12.936, 69.1
2026-09-11 04:30:03, 66.7, 84.2, 989.4, 4.1, 73.2, 9917, 1, 12.924, 89.5
2026-09-11 04:40:03, 66.6, 84.0, 989.4, 4.1, 73.1, 9880, 1, 12.928, 73.2
2026-09-11 04:50:03, 66.3, 83.8, 989.4, 4.1, 73.0, 9791, 1, 12.92, 73.5
2026-09-11 05:00:04, 66.0, 83.9, 989.5, 4.1, 73.0, 9066, 1, 12.904, 85.7
2026-09-11 05:10:02, 65.8, 84.4, 989.5, 4.1, 72.8, 9752, 1, 12.912, 68.4
2026-09-11 05:20:03, 65.6, 84.2, 989.6, 4.1, 72.8, 9838, 1, 12.904, 72.7
2026-09-11 05:30:04, 65.4, 84.4, 989.6, 4.1, 72.7, 10019, 1, 12.892, 83.7
2026-09-11 05:40:03, 65.3, 85.0, 989.6, 4.1, 72.6, 10433, 1, 12.892, 72.0
2026-09-11 05:50:02, 65.2, 84.4, 989.7, 4.1, 72.6, 10429, 1, 12.88, 89.6
2026-09-11 06:00:04, 65.0, 85.0, 989.6, 4.1, 72.5, 10254, 1, 12.864, 120.6
2026-09-11 06:10:03, 64.9, 84.9, 989.7, 4.1, 72.5, 9974, 1, 12.88, 74.5
2026-09-11 06:20:03, 64.7, 84.9, 989.7, 4.1, 72.3, 9534, 1, 12.876, 72.7
2026-09-11 06:30:04, 64.6, 84.8, 989.8, -3.5, 72.3, 9861, 1, 12.864, 88.4
2026-09-11 06:40:02, 64.5, 84.9, 989.9, -1.1, 72.2, 9903, 1, 12.872, 73.6
2026-09-11 06:50:03, 64.4, 85.1, 989.9, 1.5, 72.0, 9807, 1, 12.868, 74.3
2026-09-11 07:00:03, 64.3, 84.9, 990.0, 5.9, 72.0, 9611, 1, 12.848, 96.7
2026-09-11 07:10:03, 64.2, 85.2, 990.2, 32.8, 71.9, 9844, 1, 12.864, 76.2
2026-09-11 07:20:02, 64.3, 85.5, 990.2, 96.6, 71.9, 9917, 1, 12.872, 54.9
2026-09-11 07:30:03, 64.6, 84.8, 990.2, 184.4, 71.8, 9939, 1, 12.892, 58.3
2026-09-11 07:40:03, 64.8, 84.8, 990.2, 267.3, 71.7, 9931, 1, 12.932, 34.7
2026-09-11 07:50:02, 65.3, 83.9, 990.2, 326.4, 71.7, 9926, 1, 12.972, 11.5
2026-09-11 08:00:03, 65.7, 83.9, 990.2, 447.2, 71.6, 9933, 1, 13.004, 10.3
2026-09-11 08:10:03, 66.6, 83.4, 990.4, 498.2, 71.6, 9930, 1, 13.104, -32.0
2026-09-11 08:20:03, 67.4, 82.7, 990.3, 450.4, 71.6, 9923, 1, 13.164, -22.0
2026-09-11 08:30:04, 67.9, 83.1, 990.4, 1338.4, 71.6, 9894, 1, 13.244, -50.5
2026-09-11 08:40:02, 68.8, 81.6, 990.4, 1577.0, 71.6, 9956, 1, 13.376, -78.3
2026-09-11 08:50:02, 69.7, 80.3, 990.4, 899.1, 71.6, 10007, 1, 13.512, -116.9
2026-09-11 09:00:04, 70.8, 79.9, 990.5, 867.9, 71.6, 9778, 1, 13.564, -97.0
2026-09-11 09:10:03, 73.0, 76.6, 990.5, 1077.4, 71.6, 9342, 1, 13.804, -313.8
2026-09-11 09:20:02, 75.3, 73.3, 990.6, 1094.4, 71.6, 8426, 0, 13.968, -449.4
2026-09-11 09:30:04, 76.8, 70.8, 990.5, 1282.8, 71.7, 9812, 0, 14.368, -539.7
2026-09-11 09:40:02, 79.1, 67.2, 990.5, 1459.2, 71.7, 9660, 0, 14.572, 67.4
2026-09-11 09:50:03, 79.1, 68.8, 990.6, 2630.5, 71.8, 9688, 0, 14.36, 68.6
2026-09-11 10:00:04, 80.3, 67.3, 990.7, 1700.1, 71.9, 9949, 0, 14.544, -717.2
2026-09-11 10:10:03, 80.8, 67.3, 990.9, 1880.7, 71.9, 9653, 0, 14.336, 68.9
